Number (ID),Start Timestamp,End Timestamp,Duration,Class,Location,Description,Tag
42864315,2022-06-24 04:57:50.0,,00:00:23,Error,RS4-71CH.Jam_PE,Jammed,[MCP06]RS04_71CH.Jam_PE.Ctrl.Out_FaultPE
42864281,2022-06-24 04:57:43.0,,00:00:30,Error,SO1-CH5.Half_PE,Jammed,[MCP20]SO01_CH05.Half_PE.Ctrl.Out_FaultPE
42864270,2022-06-24 04:57:37.0,2022-06-24 04:57:40.0,00:00:03,Error,SO1-CH29.Half_PE,Jammed,[MCP20]SO01_CH29.Half_PE.Ctrl.Out_FaultPE
42863937,2022-06-24 04:54:43.0,2022-06-24 04:54:44.0,00:00:01,Error,BYP1-3,Anti-Gridlock Prevention Mode,[MCP05]BYP01_03.Color.Output.5
42863727,2022-06-24 04:53:35.0,2022-06-24 04:53:46.0,00:00:11,Error,SO1-CH5.Half_PE,Jammed,[MCP20]SO01_CH05.Half_PE.Ctrl.Out_FaultPE
42863627,2022-06-24 04:53:00.0,2022-06-24 04:54:42.0,00:01:42,Error,RS2-82.TPE1,Jammed,[MCP06]RS02_82_TPE1.Ctrl.Out_FaultPE
42862915,2022-06-24 04:47:51.0,2022-06-24 04:50:13.0,00:02:22,Error,FL10-1CH.PE1,Jammed,[MCP08]FL10_01CH_PE1.Ctrl.Out_FaultPE
42861808,2022-06-24 04:36:53.0,,00:21:20,Error,FMS-DIV.PS2-6.TO.PS1,Air Pressure Fault,[MCP05]FMS_DIV_PS02_06_TO_PS01
42861075,2022-06-24 04:24:13.0,2022-06-24 04:36:39.0,00:12:26,Error,PS2 Loop,No Demand,[MCP06]FMS_PS02_Loop_Curr_PPM_Demand
42861073,2022-06-24 04:24:13.0,2022-06-24 04:36:39.0,00:12:26,Error,PS4 Loop,No Demand,[MCP06]FMS_PS04_Loop_Curr_PPM_Demand
42860941,2022-06-24 04:23:08.0,2022-06-24 04:24:13.0,00:01:05,Error,FMS-DIV.PS2-6.TO.PS1,Air Pressure Fault,[MCP05]FMS_DIV_PS02_06_TO_PS01
42860205,2022-06-24 03:58:07.0,2022-06-24 04:22:54.0,00:24:47,Error,PS2 Loop,No Demand,[MCP06]FMS_PS02_Loop_Curr_PPM_Demand
42860203,2022-06-24 03:58:07.0,2022-06-24 04:22:54.0,00:24:47,Error,PS4 Loop,No Demand,[MCP06]FMS_PS04_Loop_Curr_PPM_Demand
42859821,2022-06-24 03:04:35.0,2022-06-24 03:05:00.0,00:00:25,Error,PS2-5,Anti-Gridlock Prevention Mode,[MCP06]PS02_05.Color.Output.5
42859819,2022-06-24 03:04:35.0,2022-06-24 03:05:00.0,00:00:25,Error,PS2-10,Anti-Gridlock Prevention Mode,[MCP06]PS02_10.Color.Output.5
42858342,2022-06-24 02:31:29.0,2022-06-24 03:04:36.0,00:33:07,Error,FMS-DIV.PS2-6.TO.PS1,Air Pressure Fault,[MCP05]FMS_DIV_PS02_06_TO_PS01
42857759,2022-06-24 01:12:21.0,2022-06-24 01:12:36.0,00:00:15,Error,PS2-10,Anti-Gridlock Prevention Mode,[MCP06]PS02_10.Color.Output.5
42857666,2022-06-24 01:10:57.0,2022-06-24 01:12:04.0,00:01:07,Error,PS1-9,Anti-Gridlock Prevention Mode,[MCP05]PS01_09.Color.Output.5
42856885,2022-06-24 01:01:25.0,2022-06-24 01:01:26.0,00:00:01,Error,PS1-9,Anti-Gridlock Prevention Mode,[MCP05]PS01_09.Color.Output.5
42856883,2022-06-24 01:01:25.0,2022-06-24 01:10:57.0,00:09:32,Error,RE3-10,Anti-Gridlock Prevention Mode,[MCP05]RE03_10.Color.Output.5
42856881,2022-06-24 01:01:25.0,,03:56:48,Error,PS3 Loop,No Demand,[MCP05]FMS_PS03_Loop_Curr_PPM_Demand
42856879,2022-06-24 01:01:25.0,2022-06-24 01:12:33.0,00:11:08,Error,PS1-13,Anti-Gridlock Prevention Mode,[MCP05]PS01_13.Color.Output.5
42856869,2022-06-24 01:01:21.0,2022-06-24 04:39:40.0,03:38:19,Error,PS1 Loop,No Demand,[MCP05]FMS_PS01_Loop_Curr_PPM_Demand
42856767,2022-06-24 01:00:30.0,2022-06-24 01:00:40.0,00:00:10,Error,RE1-11,Anti-Gridlock Prevention Mode,[MCP05]RE01_11.Color.Output.5
42856765,2022-06-24 01:00:30.0,2022-06-24 01:01:10.0,00:00:40,Error,PS1 Loop,No Demand,[MCP05]FMS_PS01_Loop_Curr_PPM_Demand
42856146,2022-06-24 00:53:09.0,2022-06-24 00:53:10.0,00:00:01,Error,BYP1-3,Anti-Gridlock Prevention Mode,[MCP05]BYP01_03.Color.Output.5
42856092,2022-06-24 00:52:37.0,2022-06-24 04:37:05.0,03:44:28,Error,SO1-CH29.Half_PE,Jammed,[MCP20]SO01_CH29.Half_PE.Ctrl.Out_FaultPE
42856082,2022-06-24 00:52:27.0,2022-06-24 00:52:31.0,00:00:04,Error,SO1-CH29.Half_PE,Jammed,[MCP20]SO01_CH29.Half_PE.Ctrl.Out_FaultPE
42856042,2022-06-24 00:52:08.0,2022-06-24 00:52:12.0,00:00:04,Error,SO1-CH29.Half_PE,Jammed,[MCP20]SO01_CH29.Half_PE.Ctrl.Out_FaultPE
42855997,2022-06-24 00:51:45.0,2022-06-24 00:51:58.0,00:00:13,Error,SO1-CH29.Half_PE,Jammed,[MCP20]SO01_CH29.Half_PE.Ctrl.Out_FaultPE
42855983,2022-06-24 00:51:36.0,2022-06-24 00:51:39.0,00:00:03,Error,SO1-CH29.Half_PE,Jammed,[MCP20]SO01_CH29.Half_PE.Ctrl.Out_FaultPE
42855958,2022-06-24 00:51:21.0,2022-06-24 00:51:29.0,00:00:08,Error,SO1-CH29.Half_PE,Jammed,[MCP20]SO01_CH29.Half_PE.Ctrl.Out_FaultPE
42855916,2022-06-24 00:50:48.0,2022-06-24 00:51:11.0,00:00:23,Error,SO1-CH29.Half_PE,Jammed,[MCP20]SO01_CH29.Half_PE.Ctrl.Out_FaultPE
42855843,2022-06-24 00:50:16.0,2022-06-24 00:50:18.0,00:00:02,Error,SO1-CH29.Half_PE,Jammed,[MCP20]SO01_CH29.Half_PE.Ctrl.Out_FaultPE
42855841,2022-06-24 00:50:07.0,2022-06-24 00:50:09.0,00:00:02,Error,SO1-CH29.Half_PE,Jammed,[MCP20]SO01_CH29.Half_PE.Ctrl.Out_FaultPE
42855814,2022-06-24 00:49:56.0,2022-06-24 00:49:59.0,00:00:03,Error,SO1-CH29.Half_PE,Jammed,[MCP20]SO01_CH29.Half_PE.Ctrl.Out_FaultPE
42855766,2022-06-24 00:49:18.0,2022-06-24 00:49:46.0,00:00:28,Error,SO1-CH29.Half_PE,Jammed,[MCP20]SO01_CH29.Half_PE.Ctrl.Out_FaultPE
42855700,2022-06-24 00:48:41.0,2022-06-24 00:49:12.0,00:00:31,Error,SO1-CH29.Half_PE,Jammed,[MCP20]SO01_CH29.Half_PE.Ctrl.Out_FaultPE
42855667,2022-06-24 00:48:18.0,2022-06-24 00:48:30.0,00:00:12,Error,SO1-CH29.Half_PE,Jammed,[MCP20]SO01_CH29.Half_PE.Ctrl.Out_FaultPE
42855569,2022-06-24 00:47:24.0,2022-06-24 00:48:12.0,00:00:48,Error,SO1-CH29.Half_PE,Jammed,[MCP20]SO01_CH29.Half_PE.Ctrl.Out_FaultPE
42855496,2022-06-24 00:46:42.0,2022-06-24 00:47:18.0,00:00:36,Error,SO1-CH29.Half_PE,Jammed,[MCP20]SO01_CH29.Half_PE.Ctrl.Out_FaultPE
42855466,2022-06-24 00:46:28.0,2022-06-24 00:46:36.0,00:00:08,Error,SO1-CH29.Half_PE,Jammed,[MCP20]SO01_CH29.Half_PE.Ctrl.Out_FaultPE
42855439,2022-06-24 00:46:09.0,2022-06-24 00:46:22.0,00:00:13,Error,SO1-CH29.Half_PE,Jammed,[MCP20]SO01_CH29.Half_PE.Ctrl.Out_FaultPE
42855345,2022-06-24 00:45:07.0,2022-06-24 00:46:03.0,00:00:56,Error,SO1-CH29.Half_PE,Jammed,[MCP20]SO01_CH29.Half_PE.Ctrl.Out_FaultPE
42855195,2022-06-24 00:43:16.0,2022-06-24 00:45:01.0,00:01:45,Error,SO1-CH29.Half_PE,Jammed,[MCP20]SO01_CH29.Half_PE.Ctrl.Out_FaultPE
42854943,2022-06-24 00:40:38.0,2022-06-24 00:43:10.0,00:02:32,Error,SO1-CH29.Half_PE,Jammed,[MCP20]SO01_CH29.Half_PE.Ctrl.Out_FaultPE
42854941,2022-06-24 00:40:36.0,2022-06-24 00:40:39.0,00:00:03,Error,PRS1-9CH.PE1,Jammed,[MCP02]PRS01_09CH_PE1.Ctrl.Out_FaultPE
42854880,2022-06-24 00:40:04.0,2022-06-24 01:01:25.0,00:21:21,Error,FMS-DIV.PS1-11.TO.PS2,Air Pressure Fault,[MCP06]FMS_DIV_PS01_11_TO_PS02
42854859,2022-06-24 00:40:02.0,2022-06-24 00:40:04.0,00:00:02,Error,PS1-13,Anti-Gridlock Prevention Mode,[MCP05]PS01_13.Color.Output.5
42854857,2022-06-24 00:40:01.0,2022-06-24 00:40:02.0,00:00:01,Error,PS1-9,Anti-Gridlock Prevention Mode,[MCP05]PS01_09.Color.Output.5
42854855,2022-06-24 00:40:01.0,2022-06-24 00:40:03.0,00:00:02,Error,RE3-10,Anti-Gridlock Prevention Mode,[MCP05]RE03_10.Color.Output.5
42854853,2022-06-24 00:40:01.0,2022-06-24 00:40:03.0,00:00:02,Error,PS3 Loop,No Demand,[MCP05]FMS_PS03_Loop_Curr_PPM_Demand
42854830,2022-06-24 00:39:47.0,2022-06-24 00:40:32.0,00:00:45,Error,SO1-CH29.Half_PE,Jammed,[MCP20]SO01_CH29.Half_PE.Ctrl.Out_FaultPE
42854810,2022-06-24 00:39:33.0,2022-06-24 00:39:41.0,00:00:08,Error,SO1-CH29.Half_PE,Jammed,[MCP20]SO01_CH29.Half_PE.Ctrl.Out_FaultPE
42854739,2022-06-24 00:39:03.0,2022-06-24 00:39:27.0,00:00:24,Error,SO1-CH29.Half_PE,Jammed,[MCP20]SO01_CH29.Half_PE.Ctrl.Out_FaultPE
42854712,2022-06-24 00:38:46.0,2022-06-24 00:38:57.0,00:00:11,Error,SO1-CH29.Half_PE,Jammed,[MCP20]SO01_CH29.Half_PE.Ctrl.Out_FaultPE
42854631,2022-06-24 00:38:19.0,2022-06-24 01:11:00.0,00:32:41,Error,CH-21108-CH.Jam_PE,Jammed,[MCP04]Spiral[128].Ch_Jam_PE.Ctrl.Out_FaultPE
42854522,2022-06-24 00:37:45.0,2022-06-24 00:38:40.0,00:00:55,Error,SO1-CH29.Half_PE,Jammed,[MCP20]SO01_CH29.Half_PE.Ctrl.Out_FaultPE
42854412,2022-06-24 00:37:12.0,2022-06-24 00:37:39.0,00:00:27,Error,SO1-CH29.Half_PE,Jammed,[MCP20]SO01_CH29.Half_PE.Ctrl.Out_FaultPE
42854278,2022-06-24 00:36:20.0,2022-06-24 00:37:06.0,00:00:46,Error,SO1-CH29.Half_PE,Jammed,[MCP20]SO01_CH29.Half_PE.Ctrl.Out_FaultPE
42854203,2022-06-24 00:36:01.0,2022-06-24 00:36:14.0,00:00:13,Error,SO1-CH29.Half_PE,Jammed,[MCP20]SO01_CH29.Half_PE.Ctrl.Out_FaultPE
42854172,2022-06-24 00:35:55.0,2022-06-24 00:40:02.0,00:04:07,Error,FMS-DIV.PS1-11.TO.PS2,Air Pressure Fault,[MCP06]FMS_DIV_PS01_11_TO_PS02
42853915,2022-06-24 00:33:57.0,2022-06-24 00:35:55.0,00:01:58,Error,PS1-13,Anti-Gridlock Prevention Mode,[MCP05]PS01_13.Color.Output.5
42853908,2022-06-24 00:33:57.0,2022-06-24 00:33:58.0,00:00:01,Error,PS1-9,Anti-Gridlock Prevention Mode,[MCP05]PS01_09.Color.Output.5
42853906,2022-06-24 00:33:57.0,2022-06-24 00:34:01.0,00:00:04,Error,RE3-10,Anti-Gridlock Prevention Mode,[MCP05]RE03_10.Color.Output.5
42853904,2022-06-24 00:33:57.0,2022-06-24 00:35:53.0,00:01:56,Error,PS3 Loop,No Demand,[MCP05]FMS_PS03_Loop_Curr_PPM_Demand
42853843,2022-06-24 00:33:24.0,2022-06-24 00:33:57.0,00:00:33,Error,FMS-DIV.PS1-11.TO.PS2,Air Pressure Fault,[MCP06]FMS_DIV_PS01_11_TO_PS02
42853810,2022-06-24 00:33:11.0,2022-06-24 00:35:55.0,00:02:44,Error,SO1-CH29.Half_PE,Jammed,[MCP20]SO01_CH29.Half_PE.Ctrl.Out_FaultPE
42853735,2022-06-24 00:32:38.0,2022-06-24 00:32:44.0,00:00:06,Error,SO1-CH5.Half_PE,Jammed,[MCP20]SO01_CH05.Half_PE.Ctrl.Out_FaultPE
42853730,2022-06-24 00:32:34.0,2022-06-24 00:33:05.0,00:00:31,Error,SO1-CH29.Half_PE,Jammed,[MCP20]SO01_CH29.Half_PE.Ctrl.Out_FaultPE
42853679,2022-06-24 00:32:15.0,2022-06-24 00:32:28.0,00:00:13,Error,SO1-CH29.Half_PE,Jammed,[MCP20]SO01_CH29.Half_PE.Ctrl.Out_FaultPE
42853627,2022-06-24 00:31:39.0,2022-06-24 00:31:40.0,00:00:01,Error,PS1-9,Anti-Gridlock Prevention Mode,[MCP05]PS01_09.Color.Output.5
42853622,2022-06-24 00:31:39.0,2022-06-24 00:33:24.0,00:01:45,Error,PS1-13,Anti-Gridlock Prevention Mode,[MCP05]PS01_13.Color.Output.5
42853620,2022-06-24 00:31:38.0,2022-06-24 00:33:23.0,00:01:45,Error,PS3 Loop,No Demand,[MCP05]FMS_PS03_Loop_Curr_PPM_Demand
42853562,2022-06-24 00:31:12.0,2022-06-24 00:32:05.0,00:00:53,Error,RO4-1CH.PE1,Jammed,[MCP09]RO04_01CH_PE1.Ctrl.Out_FaultPE
42853552,2022-06-24 00:31:04.0,2022-06-24 00:32:08.0,00:01:04,Error,SO1-CH29.Half_PE,Jammed,[MCP20]SO01_CH29.Half_PE.Ctrl.Out_FaultPE
42853490,2022-06-24 00:30:33.0,2022-06-24 00:31:38.0,00:01:05,Error,FMS-DIV.PS1-11.TO.PS2,Air Pressure Fault,[MCP06]FMS_DIV_PS01_11_TO_PS02
42853447,2022-06-24 00:30:17.0,2022-06-24 00:30:58.0,00:00:41,Error,SO1-CH29.Half_PE,Jammed,[MCP20]SO01_CH29.Half_PE.Ctrl.Out_FaultPE
42853436,2022-06-24 00:30:11.0,2022-06-24 00:30:30.0,00:00:19,Error,PS3 Loop,No Demand,[MCP05]FMS_PS03_Loop_Curr_PPM_Demand
42853426,2022-06-24 00:30:11.0,2022-06-24 00:30:12.0,00:00:01,Error,PS1-13,Anti-Gridlock Prevention Mode,[MCP05]PS01_13.Color.Output.5
42853409,2022-06-24 00:30:03.0,2022-06-24 00:30:11.0,00:00:08,Error,SO1-CH29.Half_PE,Jammed,[MCP20]SO01_CH29.Half_PE.Ctrl.Out_FaultPE
42853374,2022-06-24 00:29:51.0,2022-06-24 00:29:55.0,00:00:04,Error,SO1-CH27.Half_PE,Jammed,[MCP20]SO01_CH27.Half_PE.Ctrl.Out_FaultPE
42853360,2022-06-24 00:29:43.0,2022-06-24 00:29:55.0,00:00:12,Error,SO1-CH29.Half_PE,Jammed,[MCP20]SO01_CH29.Half_PE.Ctrl.Out_FaultPE
42853355,2022-06-24 00:29:42.0,2022-06-24 00:30:11.0,00:00:29,Error,FMS-DIV.PS1-11.TO.PS2,Air Pressure Fault,[MCP06]FMS_DIV_PS01_11_TO_PS02
42853313,2022-06-24 00:29:33.0,2022-06-24 00:32:32.0,00:02:59,Error,SO1-CH5.Half_PE,Jammed,[MCP20]SO01_CH05.Half_PE.Ctrl.Out_FaultPE
42853288,2022-06-24 00:29:16.0,2022-06-24 00:29:34.0,00:00:18,Error,SO1-CH29.Half_PE,Jammed,[MCP20]SO01_CH29.Half_PE.Ctrl.Out_FaultPE
42853252,2022-06-24 00:29:00.0,2022-06-24 00:29:03.0,00:00:03,Error,PS1-13,Anti-Gridlock Prevention Mode,[MCP05]PS01_13.Color.Output.5
42853249,2022-06-24 00:29:00.0,2022-06-24 00:29:01.0,00:00:01,Error,PS1-9,Anti-Gridlock Prevention Mode,[MCP05]PS01_09.Color.Output.5
42853244,2022-06-24 00:29:00.0,2022-06-24 00:29:02.0,00:00:02,Error,RE3-10,Anti-Gridlock Prevention Mode,[MCP05]RE03_10.Color.Output.5
42853242,2022-06-24 00:29:00.0,2022-06-24 00:29:39.0,00:00:39,Error,PS3 Loop,No Demand,[MCP05]FMS_PS03_Loop_Curr_PPM_Demand
42853225,2022-06-24 00:28:52.0,2022-06-24 00:28:59.0,00:00:07,Error,SO1-CH29.Half_PE,Jammed,[MCP20]SO01_CH29.Half_PE.Ctrl.Out_FaultPE
42853188,2022-06-24 00:28:37.0,2022-06-24 00:28:41.0,00:00:04,Error,SO1-CH29.Half_PE,Jammed,[MCP20]SO01_CH29.Half_PE.Ctrl.Out_FaultPE
42853175,2022-06-24 00:28:23.0,2022-06-24 00:28:31.0,00:00:08,Error,SO1-CH29.Half_PE,Jammed,[MCP20]SO01_CH29.Half_PE.Ctrl.Out_FaultPE
42853135,2022-06-24 00:27:56.0,2022-06-24 00:29:00.0,00:01:04,Error,FMS-DIV.PS1-11.TO.PS2,Air Pressure Fault,[MCP06]FMS_DIV_PS01_11_TO_PS02
42853094,2022-06-24 00:27:43.0,2022-06-24 00:27:44.0,00:00:01,Error,BYP1-3,Anti-Gridlock Prevention Mode,[MCP05]BYP01_03.Color.Output.5
42853079,2022-06-24 00:27:32.0,2022-06-24 00:28:17.0,00:00:45,Error,SO1-CH29.Half_PE,Jammed,[MCP20]SO01_CH29.Half_PE.Ctrl.Out_FaultPE
42853075,2022-06-24 00:27:29.0,2022-06-24 00:27:44.0,00:00:15,Error,UL13-2,Anti-Gridlock Prevention Mode,[MCP01]UL13_02.Color.Output.5
42853024,2022-06-24 00:27:09.0,2022-06-24 00:27:54.0,00:00:45,Error,RE3-10,Anti-Gridlock Prevention Mode,[MCP05]RE03_10.Color.Output.5
42853022,2022-06-24 00:27:09.0,2022-06-24 00:27:54.0,00:00:45,Error,PS3 Loop,No Demand,[MCP05]FMS_PS03_Loop_Curr_PPM_Demand
42853018,2022-06-24 00:27:08.0,2022-06-24 00:27:09.0,00:00:01,Error,PS1-13,Anti-Gridlock Prevention Mode,[MCP05]PS01_13.Color.Output.5
42852955,2022-06-24 00:26:36.0,2022-06-24 00:27:39.0,00:01:03,Error,FL8-1CH.PE1,Jammed,[MCP08]FL08_01CH_PE1.Ctrl.Out_FaultPE
42852920,2022-06-24 00:26:25.0,2022-06-24 00:27:25.0,00:01:00,Error,SO1-CH29.Half_PE,Jammed,[MCP20]SO01_CH29.Half_PE.Ctrl.Out_FaultPE
42852911,2022-06-24 00:26:22.0,2022-06-24 00:26:28.0,00:00:06,Error,UL13-2,Anti-Gridlock Prevention Mode,[MCP01]UL13_02.Color.Output.5
42852862,2022-06-24 00:26:06.0,2022-06-24 00:26:19.0,00:00:13,Error,SO1-CH29.Half_PE,Jammed,[MCP20]SO01_CH29.Half_PE.Ctrl.Out_FaultPE
42852860,2022-06-24 00:26:02.0,2022-06-24 00:27:08.0,00:01:06,Error,FMS-DIV.PS1-11.TO.PS2,Air Pressure Fault,[MCP06]FMS_DIV_PS01_11_TO_PS02
42852825,2022-06-24 00:25:52.0,2022-06-24 00:26:07.0,00:00:15,Error,UL13-2,Anti-Gridlock Prevention Mode,[MCP01]UL13_02.Color.Output.5
42852774,2022-06-24 00:25:38.0,2022-06-24 00:26:00.0,00:00:22,Error,SO1-CH29.Half_PE,Jammed,[MCP20]SO01_CH29.Half_PE.Ctrl.Out_FaultPE
42852740,2022-06-24 00:25:24.0,2022-06-24 00:25:32.0,00:00:08,Error,SO1-CH29.Half_PE,Jammed,[MCP20]SO01_CH29.Half_PE.Ctrl.Out_FaultPE
42852734,2022-06-24 00:25:22.0,2022-06-24 00:25:37.0,00:00:15,Error,UL13-2,Anti-Gridlock Prevention Mode,[MCP01]UL13_02.Color.Output.5
42852713,2022-06-24 00:25:15.0,2022-06-24 00:25:18.0,00:00:03,Error,SO1-CH29.Half_PE,Jammed,[MCP20]SO01_CH29.Half_PE.Ctrl.Out_FaultPE
42852658,2022-06-24 00:25:01.0,2022-06-24 00:25:09.0,00:00:08,Error,SO1-CH29.Half_PE,Jammed,[MCP20]SO01_CH29.Half_PE.Ctrl.Out_FaultPE
42852636,2022-06-24 00:24:52.0,2022-06-24 00:25:07.0,00:00:15,Error,UL13-2,Anti-Gridlock Prevention Mode,[MCP01]UL13_02.Color.Output.5
42852540,2022-06-24 00:24:22.0,2022-06-24 00:25:39.0,00:01:17,Error,AS3-1CH.Jam_PE,Jammed,[MCP05]AS03_01CH.Jam_PE.Ctrl.Out_FaultPE
42852538,2022-06-24 00:24:22.0,2022-06-24 00:25:11.0,00:00:49,Error,RE3-10,Anti-Gridlock Prevention Mode,[MCP05]RE03_10.Color.Output.5
42852536,2022-06-24 00:24:22.0,2022-06-24 00:24:37.0,00:00:15,Error,UL13-2,Anti-Gridlock Prevention Mode,[MCP01]UL13_02.Color.Output.5
42852534,2022-06-24 00:24:22.0,2022-06-24 00:25:59.0,00:01:37,Error,PS3 Loop,No Demand,[MCP05]FMS_PS03_Loop_Curr_PPM_Demand
42852480,2022-06-24 00:24:03.0,2022-06-24 00:24:54.0,00:00:51,Error,SO1-CH29.Half_PE,Jammed,[MCP20]SO01_CH29.Half_PE.Ctrl.Out_FaultPE
42852474,2022-06-24 00:23:55.0,2022-06-24 00:23:57.0,00:00:02,Error,SO1-CH29.Half_PE,Jammed,[MCP20]SO01_CH29.Half_PE.Ctrl.Out_FaultPE
42852465,2022-06-24 00:23:52.0,2022-06-24 00:24:07.0,00:00:15,Error,UL14-2,Anti-Gridlock Prevention Mode,[MCP01]UL14_02.Color.Output.5
42852463,2022-06-24 00:23:52.0,2022-06-24 00:24:07.0,00:00:15,Error,UL13-2,Anti-Gridlock Prevention Mode,[MCP01]UL13_02.Color.Output.5
42852442,2022-06-24 00:23:41.0,2022-06-24 00:23:49.0,00:00:08,Error,SO1-CH29.Half_PE,Jammed,[MCP20]SO01_CH29.Half_PE.Ctrl.Out_FaultPE
42852416,2022-06-24 00:23:22.0,2022-06-24 00:23:37.0,00:00:15,Error,UL14-2,Anti-Gridlock Prevention Mode,[MCP01]UL14_02.Color.Output.5
42852414,2022-06-24 00:23:22.0,2022-06-24 00:23:37.0,00:00:15,Error,UL13-2,Anti-Gridlock Prevention Mode,[MCP01]UL13_02.Color.Output.5
42852406,2022-06-24 00:23:20.0,2022-06-24 00:24:22.0,00:01:02,Error,FMS-DIV.PS1-11.TO.PS2,Air Pressure Fault,[MCP06]FMS_DIV_PS01_11_TO_PS02
42852380,2022-06-24 00:23:14.0,2022-06-24 00:23:15.0,00:00:01,Error,PS1-13,Anti-Gridlock Prevention Mode,[MCP05]PS01_13.Color.Output.5
42852375,2022-06-24 00:23:14.0,2022-06-24 00:23:15.0,00:00:01,Error,PS1-9,Anti-Gridlock Prevention Mode,[MCP05]PS01_09.Color.Output.5
42852373,2022-06-24 00:23:14.0,2022-06-24 00:23:17.0,00:00:03,Error,RE3-10,Anti-Gridlock Prevention Mode,[MCP05]RE03_10.Color.Output.5
42852371,2022-06-24 00:23:14.0,2022-06-24 00:23:17.0,00:00:03,Error,PS3 Loop,No Demand,[MCP05]FMS_PS03_Loop_Curr_PPM_Demand
42852368,2022-06-24 00:23:12.0,2022-06-24 00:23:30.0,00:00:18,Error,SO1-CH29.Half_PE,Jammed,[MCP20]SO01_CH29.Half_PE.Ctrl.Out_FaultPE
42852343,2022-06-24 00:23:02.0,2022-06-24 00:23:06.0,00:00:04,Error,SO1-CH29.Half_PE,Jammed,[MCP20]SO01_CH29.Half_PE.Ctrl.Out_FaultPE
42852320,2022-06-24 00:22:57.0,2022-06-24 00:23:14.0,00:00:17,Error,FMS-DIV.PS1-11.TO.PS2,Air Pressure Fault,[MCP06]FMS_DIV_PS01_11_TO_PS02
42852295,2022-06-24 00:22:51.0,2022-06-24 00:23:07.0,00:00:16,Error,UL14-2,Anti-Gridlock Prevention Mode,[MCP01]UL14_02.Color.Output.5
42852293,2022-06-24 00:22:51.0,2022-06-24 00:23:07.0,00:00:16,Error,UL13-2,Anti-Gridlock Prevention Mode,[MCP01]UL13_02.Color.Output.5
42852285,2022-06-24 00:22:50.0,2022-06-24 00:22:51.0,00:00:01,Error,PS1-13,Anti-Gridlock Prevention Mode,[MCP05]PS01_13.Color.Output.5
42852283,2022-06-24 00:22:50.0,2022-06-24 00:22:51.0,00:00:01,Error,PS1-9,Anti-Gridlock Prevention Mode,[MCP05]PS01_09.Color.Output.5
42852281,2022-06-24 00:22:50.0,2022-06-24 00:22:53.0,00:00:03,Error,PS3 Loop,No Demand,[MCP05]FMS_PS03_Loop_Curr_PPM_Demand
42852218,2022-06-24 00:22:21.0,2022-06-24 00:22:27.0,00:00:06,Error,SO1-CH29.Half_PE,Jammed,[MCP20]SO01_CH29.Half_PE.Ctrl.Out_FaultPE
42851989,2022-06-24 00:20:24.0,2022-06-24 00:20:39.0,00:00:15,Error,UL14-2,Anti-Gridlock Prevention Mode,[MCP01]UL14_02.Color.Output.5
42851916,2022-06-24 00:19:54.0,2022-06-24 00:20:09.0,00:00:15,Error,UL14-2,Anti-Gridlock Prevention Mode,[MCP01]UL14_02.Color.Output.5
42851858,2022-06-24 00:19:37.0,2022-06-24 00:20:34.0,00:00:57,Error,BSB1-21,Overlength Fault,[MCP21]BSB1_21_HMI.Status.24
42851856,2022-06-24 00:19:36.0,2022-06-24 00:22:09.0,00:02:33,Error,SO1-CH29.Half_PE,Jammed,[MCP20]SO01_CH29.Half_PE.Ctrl.Out_FaultPE
42851829,2022-06-24 00:19:24.0,2022-06-24 00:19:39.0,00:00:15,Error,UL14-2,Anti-Gridlock Prevention Mode,[MCP01]UL14_02.Color.Output.5
42851766,2022-06-24 00:18:54.0,2022-06-24 00:19:09.0,00:00:15,Error,UL14-2,Anti-Gridlock Prevention Mode,[MCP01]UL14_02.Color.Output.5
42851682,2022-06-24 00:18:24.0,2022-06-24 00:18:39.0,00:00:15,Error,UL14-2,Anti-Gridlock Prevention Mode,[MCP01]UL14_02.Color.Output.5
42851616,2022-06-24 00:17:55.0,2022-06-24 00:19:29.0,00:01:34,Error,SO1-CH29.Half_PE,Jammed,[MCP20]SO01_CH29.Half_PE.Ctrl.Out_FaultPE
42851613,2022-06-24 00:17:54.0,2022-06-24 00:18:09.0,00:00:15,Error,UL14-2,Anti-Gridlock Prevention Mode,[MCP01]UL14_02.Color.Output.5
42851596,2022-06-24 00:17:45.0,2022-06-24 00:19:19.0,00:01:34,Error,PRS3-3.PE1,Jammed,[MCP07]PRS03_03_PE1.Ctrl.Out_FaultPE
42851545,2022-06-24 00:17:24.0,2022-06-24 00:17:39.0,00:00:15,Error,UL14-2,Anti-Gridlock Prevention Mode,[MCP01]UL14_02.Color.Output.5
42851544,2022-06-24 00:17:23.0,2022-06-24 00:17:42.0,00:00:19,Error,SO1-CH29.Half_PE,Jammed,[MCP20]SO01_CH29.Half_PE.Ctrl.Out_FaultPE
42851487,2022-06-24 00:17:09.0,2022-06-24 00:17:13.0,00:00:04,Error,SO1-CH4.Half_PE,Jammed,[MCP20]SO01_CH04.Half_PE.Ctrl.Out_FaultPE
42851453,2022-06-24 00:16:53.0,2022-06-24 00:17:09.0,00:00:16,Error,UL14-2,Anti-Gridlock Prevention Mode,[MCP01]UL14_02.Color.Output.5
42851359,2022-06-24 00:16:05.0,2022-06-24 00:17:02.0,00:00:57,Error,SO1-CH29.Half_PE,Jammed,[MCP20]SO01_CH29.Half_PE.Ctrl.Out_FaultPE
42851325,2022-06-24 00:15:39.0,2022-06-24 00:15:57.0,00:00:18,Error,SO1-CH29.Half_PE,Jammed,[MCP20]SO01_CH29.Half_PE.Ctrl.Out_FaultPE
42851285,2022-06-24 00:15:25.0,2022-06-24 00:15:33.0,00:00:08,Error,SO1-CH29.Half_PE,Jammed,[MCP20]SO01_CH29.Half_PE.Ctrl.Out_FaultPE
42851244,2022-06-24 00:14:52.0,2022-06-24 00:15:16.0,00:00:24,Error,SO1-CH29.Half_PE,Jammed,[MCP20]SO01_CH29.Half_PE.Ctrl.Out_FaultPE
42851061,2022-06-24 00:13:47.0,2022-06-24 00:14:46.0,00:00:59,Error,SO1-CH29.Half_PE,Jammed,[MCP20]SO01_CH29.Half_PE.Ctrl.Out_FaultPE
42851049,2022-06-24 00:13:38.0,2022-06-24 00:13:40.0,00:00:02,Error,SO1-CH29.Half_PE,Jammed,[MCP20]SO01_CH29.Half_PE.Ctrl.Out_FaultPE
42850992,2022-06-24 00:13:06.0,2022-06-24 00:13:21.0,00:00:15,Error,SO1-CH29.Half_PE,Jammed,[MCP20]SO01_CH29.Half_PE.Ctrl.Out_FaultPE
42850982,2022-06-24 00:13:00.0,2022-06-24 00:14:00.0,00:01:00,Error,FL8-1CH.PE1,Jammed,[MCP08]FL08_01CH_PE1.Ctrl.Out_FaultPE
42850772,2022-06-24 00:11:21.0,2022-06-24 00:12:59.0,00:01:38,Error,SO1-CH29.Half_PE,Jammed,[MCP20]SO01_CH29.Half_PE.Ctrl.Out_FaultPE
42850753,2022-06-24 00:11:09.0,2022-06-24 00:11:15.0,00:00:06,Error,SO1-CH29.Half_PE,Jammed,[MCP20]SO01_CH29.Half_PE.Ctrl.Out_FaultPE
42850691,2022-06-24 00:10:39.0,2022-06-24 00:14:57.0,00:04:18,Error,SO1-CH4.Half_PE,Jammed,[MCP20]SO01_CH04.Half_PE.Ctrl.Out_FaultPE
42850675,2022-06-24 00:10:32.0,2022-06-24 00:10:45.0,00:00:13,Error,SO1-CH29.Half_PE,Jammed,[MCP20]SO01_CH29.Half_PE.Ctrl.Out_FaultPE
42850649,2022-06-24 00:10:29.0,2022-06-24 00:10:54.0,00:00:25,Error,SO1-CH5.Half_PE,Jammed,[MCP20]SO01_CH05.Half_PE.Ctrl.Out_FaultPE
42850619,2022-06-24 00:10:04.0,2022-06-24 00:10:08.0,00:00:04,Error,SO1-CH29.Half_PE,Jammed,[MCP20]SO01_CH29.Half_PE.Ctrl.Out_FaultPE
42850588,2022-06-24 00:09:44.0,2022-06-24 00:09:48.0,00:00:04,Error,SO1-CH29.Half_PE,Jammed,[MCP20]SO01_CH29.Half_PE.Ctrl.Out_FaultPE
42850535,2022-06-24 00:09:32.0,2022-06-24 00:11:17.0,00:01:45,Error,PRS3-3.PE1,Jammed,[MCP07]PRS03_03_PE1.Ctrl.Out_FaultPE
42850522,2022-06-24 00:09:27.0,2022-06-24 00:09:30.0,00:00:03,Error,SO1-CH29.Half_PE,Jammed,[MCP20]SO01_CH29.Half_PE.Ctrl.Out_FaultPE
42850492,2022-06-24 00:09:08.0,2022-06-24 00:09:10.0,00:00:02,Error,SO1-CH29.Half_PE,Jammed,[MCP20]SO01_CH29.Half_PE.Ctrl.Out_FaultPE
42850477,2022-06-24 00:08:58.0,2022-06-24 00:09:02.0,00:00:04,Error,SO1-CH29.Half_PE,Jammed,[MCP20]SO01_CH29.Half_PE.Ctrl.Out_FaultPE
42850426,2022-06-24 00:08:49.0,2022-06-24 00:08:52.0,00:00:03,Error,SO1-CH29.Half_PE,Jammed,[MCP20]SO01_CH29.Half_PE.Ctrl.Out_FaultPE
42850399,2022-06-24 00:08:30.0,2022-06-24 00:08:37.0,00:00:07,Error,SO1-CH29.Half_PE,Jammed,[MCP20]SO01_CH29.Half_PE.Ctrl.Out_FaultPE
42850374,2022-06-24 00:08:12.0,2022-06-24 00:08:22.0,00:00:10,Error,SO1-CH29.Half_PE,Jammed,[MCP20]SO01_CH29.Half_PE.Ctrl.Out_FaultPE
42850309,2022-06-24 00:07:44.0,2022-06-24 00:07:46.0,00:00:02,Error,SO1-CH29.Half_PE,Jammed,[MCP20]SO01_CH29.Half_PE.Ctrl.Out_FaultPE
42850256,2022-06-24 00:07:14.0,2022-06-24 00:07:18.0,00:00:04,Error,SO1-CH29.Half_PE,Jammed,[MCP20]SO01_CH29.Half_PE.Ctrl.Out_FaultPE
42850211,2022-06-24 00:06:51.0,2022-06-24 00:06:58.0,00:00:07,Error,SO1-CH29.Half_PE,Jammed,[MCP20]SO01_CH29.Half_PE.Ctrl.Out_FaultPE
42850150,2022-06-24 00:06:23.0,2022-06-24 00:06:40.0,00:00:17,Error,SO1-CH29.Half_PE,Jammed,[MCP20]SO01_CH29.Half_PE.Ctrl.Out_FaultPE
42850113,2022-06-24 00:06:10.0,2022-06-24 00:06:12.0,00:00:02,Error,SO1-CH29.Half_PE,Jammed,[MCP20]SO01_CH29.Half_PE.Ctrl.Out_FaultPE
42850095,2022-06-24 00:05:55.0,2022-06-24 00:05:57.0,00:00:02,Error,SO1-CH29.Half_PE,Jammed,[MCP20]SO01_CH29.Half_PE.Ctrl.Out_FaultPE
42850006,2022-06-24 00:05:22.0,2022-06-24 00:06:54.0,00:01:32,Error,FL8-3CH.Full_PE,Jammed,[MCP08]FL08_03CH.Full_PE.Ctrl.Out_FaultPE
42849994,2022-06-24 00:05:16.0,2022-06-24 00:06:54.0,00:01:38,Error,FL8-3CH.Jam_PE,Jammed,[MCP08]FL08_03CH.Jam_PE.Ctrl.Out_FaultPE
42849990,2022-06-24 00:05:12.0,2022-06-24 00:05:43.0,00:00:31,Error,SO1-CH29.Half_PE,Jammed,[MCP20]SO01_CH29.Half_PE.Ctrl.Out_FaultPE
42849926,2022-06-24 00:04:48.0,2022-06-24 00:04:57.0,00:00:09,Error,SO1-CH29.Half_PE,Jammed,[MCP20]SO01_CH29.Half_PE.Ctrl.Out_FaultPE
42849909,2022-06-24 00:04:39.0,2022-06-24 00:04:42.0,00:00:03,Error,SO1-CH29.Half_PE,Jammed,[MCP20]SO01_CH29.Half_PE.Ctrl.Out_FaultPE
42849889,2022-06-24 00:04:26.0,2022-06-24 00:04:33.0,00:00:07,Error,SO1-CH29.Half_PE,Jammed,[MCP20]SO01_CH29.Half_PE.Ctrl.Out_FaultPE
42849862,2022-06-24 00:04:16.0,2022-06-24 00:04:19.0,00:00:03,Error,SO1-CH29.Half_PE,Jammed,[MCP20]SO01_CH29.Half_PE.Ctrl.Out_FaultPE
42849822,2022-06-24 00:04:06.0,2022-06-24 00:07:41.0,00:03:35,Error,SO1-CH5.Half_PE,Jammed,[MCP20]SO01_CH05.Half_PE.Ctrl.Out_FaultPE
42849767,2022-06-24 00:03:25.0,2022-06-24 00:03:37.0,00:00:12,Error,SO1-CH29.Half_PE,Jammed,[MCP20]SO01_CH29.Half_PE.Ctrl.Out_FaultPE
42849704,2022-06-24 00:03:02.0,2022-06-24 00:03:17.0,00:00:15,Error,UL1-1,Anti-Gridlock Prevention Mode,[MCP07]UL01_01.Color.Output.5
42849702,2022-06-24 00:03:02.0,2022-06-24 00:03:10.0,00:00:08,Error,PS5-3,Anti-Gridlock Prevention Mode,[MCP07]PS05_03.Color.Output.5
42849700,2022-06-24 00:03:02.0,2022-06-24 00:03:17.0,00:00:15,Error,UL1-2,Anti-Gridlock Prevention Mode,[MCP07]UL01_02.Color.Output.5
42849698,2022-06-24 00:03:01.0,2022-06-24 00:03:16.0,00:00:15,Error,UL7-1,Anti-Gridlock Prevention Mode,[MCP01]UL07_01.Color.Output.5
42849696,2022-06-24 00:03:01.0,2022-06-24 00:03:16.0,00:00:15,Error,UL9-1,Anti-Gridlock Prevention Mode,[MCP01]UL09_01.Color.Output.5
42849694,2022-06-24 00:03:01.0,2022-06-24 00:03:03.0,00:00:02,Error,SO1-CH29.Half_PE,Jammed,[MCP20]SO01_CH29.Half_PE.Ctrl.Out_FaultPE
42849659,2022-06-24 00:02:54.0,2022-06-24 00:02:55.0,00:00:01,Error,SO1-CH29.Half_PE,Jammed,[MCP20]SO01_CH29.Half_PE.Ctrl.Out_FaultPE
42849643,2022-06-24 00:02:41.0,2022-06-24 00:02:45.0,00:00:04,Error,SO1-CH29.Half_PE,Jammed,[MCP20]SO01_CH29.Half_PE.Ctrl.Out_FaultPE
42849525,2022-06-24 00:01:47.0,2022-06-24 00:02:02.0,00:00:15,Error,UL1-1,Anti-Gridlock Prevention Mode,[MCP07]UL01_01.Color.Output.5
42849523,2022-06-24 00:01:47.0,2022-06-24 00:02:01.0,00:00:14,Error,UL7-1,Anti-Gridlock Prevention Mode,[MCP01]UL07_01.Color.Output.5
42849521,2022-06-24 00:01:47.0,2022-06-24 00:02:02.0,00:00:15,Error,PS5-3,Anti-Gridlock Prevention Mode,[MCP07]PS05_03.Color.Output.5
42849519,2022-06-24 00:01:47.0,2022-06-24 00:02:02.0,00:00:15,Error,UL1-2,Anti-Gridlock Prevention Mode,[MCP07]UL01_02.Color.Output.5
42849518,2022-06-24 00:01:46.0,2022-06-24 00:02:01.0,00:00:15,Error,UL9-1,Anti-Gridlock Prevention Mode,[MCP01]UL09_01.Color.Output.5
42849338,2022-06-24 00:00:17.0,2022-06-24 00:00:32.0,00:00:15,Error,UL1-1,Anti-Gridlock Prevention Mode,[MCP07]UL01_01.Color.Output.5
42849336,2022-06-24 00:00:17.0,2022-06-24 00:00:32.0,00:00:15,Error,UL7-1,Anti-Gridlock Prevention Mode,[MCP01]UL07_01.Color.Output.5
42849333,2022-06-24 00:00:16.0,2022-06-24 00:00:31.0,00:00:15,Error,PS5-3,Anti-Gridlock Prevention Mode,[MCP07]PS05_03.Color.Output.5
42849331,2022-06-24 00:00:16.0,2022-06-24 00:00:31.0,00:00:15,Error,UL1-2,Anti-Gridlock Prevention Mode,[MCP07]UL01_02.Color.Output.5
42849329,2022-06-24 00:00:16.0,2022-06-24 00:00:31.0,00:00:15,Error,UL9-1,Anti-Gridlock Prevention Mode,[MCP01]UL09_01.Color.Output.5
42849285,2022-06-23 23:59:47.0,2022-06-24 00:00:02.0,00:00:15,Error,UL7-1,Anti-Gridlock Prevention Mode,[MCP01]UL07_01.Color.Output.5
42849283,2022-06-23 23:59:47.0,2022-06-24 00:00:02.0,00:00:15,Error,UL9-1,Anti-Gridlock Prevention Mode,[MCP01]UL09_01.Color.Output.5
42849280,2022-06-23 23:59:46.0,2022-06-23 23:59:47.0,00:00:01,Error,PS5-3,Anti-Gridlock Prevention Mode,[MCP07]PS05_03.Color.Output.5
42849278,2022-06-23 23:59:46.0,2022-06-24 00:00:01.0,00:00:15,Error,UL1-2,Anti-Gridlock Prevention Mode,[MCP07]UL01_02.Color.Output.5
42849277,2022-06-23 23:59:46.0,2022-06-24 00:00:01.0,00:00:15,Error,UL1-1,Anti-Gridlock Prevention Mode,[MCP07]UL01_01.Color.Output.5
42849233,2022-06-23 23:59:13.0,2022-06-24 00:02:46.0,00:03:33,Error,PRS3-3.PE1,Jammed,[MCP07]PRS03_03_PE1.Ctrl.Out_FaultPE
42849069,2022-06-23 23:57:38.0,2022-06-24 00:02:29.0,00:04:51,Error,SO1-CH29.Half_PE,Jammed,[MCP20]SO01_CH29.Half_PE.Ctrl.Out_FaultPE
42848958,2022-06-23 23:56:38.0,2022-06-23 23:56:42.0,00:00:04,Error,SO1-CH29.Half_PE,Jammed,[MCP20]SO01_CH29.Half_PE.Ctrl.Out_FaultPE
42848909,2022-06-23 23:56:21.0,2022-06-23 23:58:07.0,00:01:46,Error,BSB1-21,Overlength Fault,[MCP21]BSB1_21_HMI.Status.24
42848769,2022-06-23 23:55:05.0,2022-06-23 23:55:07.0,00:00:02,Error,SO1-CH29.Half_PE,Jammed,[MCP20]SO01_CH29.Half_PE.Ctrl.Out_FaultPE
42848390,2022-06-23 23:53:15.0,2022-06-23 23:53:45.0,00:00:30,Error,UL1-1,Anti-Gridlock Prevention Mode,[MCP07]UL01_01.Color.Output.5
42848388,2022-06-23 23:53:15.0,2022-06-23 23:53:45.0,00:00:30,Error,UL1-2,Anti-Gridlock Prevention Mode,[MCP07]UL01_02.Color.Output.5
42848386,2022-06-23 23:53:14.0,2022-06-23 23:53:44.0,00:00:30,Error,UL7-1,Anti-Gridlock Prevention Mode,[MCP01]UL07_01.Color.Output.5
42848383,2022-06-23 23:53:14.0,2022-06-23 23:53:44.0,00:00:30,Error,UL9-1,Anti-Gridlock Prevention Mode,[MCP01]UL09_01.Color.Output.5
42848345,2022-06-23 23:52:53.0,2022-06-23 23:52:56.0,00:00:03,Error,SO1-CH29.Half_PE,Jammed,[MCP20]SO01_CH29.Half_PE.Ctrl.Out_FaultPE
42848179,2022-06-23 23:51:46.0,2022-06-23 23:51:49.0,00:00:03,Error,SO1-CH29.Half_PE,Jammed,[MCP20]SO01_CH29.Half_PE.Ctrl.Out_FaultPE
42848160,2022-06-23 23:51:26.0,2022-06-23 23:52:13.0,00:00:47,Error,PRS1-9CH.PE1,Jammed,[MCP02]PRS01_09CH_PE1.Ctrl.Out_FaultPE
42848064,2022-06-23 23:51:00.0,2022-06-23 23:51:03.0,00:00:03,Error,SO1-CH29.Half_PE,Jammed,[MCP20]SO01_CH29.Half_PE.Ctrl.Out_FaultPE
42848000,2022-06-23 23:50:36.0,2022-06-23 23:50:39.0,00:00:03,Error,SO1-CH29.Half_PE,Jammed,[MCP20]SO01_CH29.Half_PE.Ctrl.Out_FaultPE
42847945,2022-06-23 23:50:32.0,2022-06-23 23:52:26.0,00:01:54,Error,PRS3-3.PE1,Jammed,[MCP07]PRS03_03_PE1.Ctrl.Out_FaultPE
42847885,2022-06-23 23:50:14.0,2022-06-23 23:54:48.0,00:04:34,Error,CH-20806-CH.Jam_PE,Jammed,[MCP04]Spiral[90].Ch_Jam_PE.Ctrl.Out_FaultPE
42847761,2022-06-23 23:49:03.0,2022-06-24 00:22:50.0,00:33:47,Error,FMS-DIV.PS1-11.TO.PS2,Air Pressure Fault,[MCP06]FMS_DIV_PS01_11_TO_PS02
42847751,2022-06-23 23:49:02.0,2022-06-23 23:49:05.0,00:00:03,Error,SO1-CH29.Half_PE,Jammed,[MCP20]SO01_CH29.Half_PE.Ctrl.Out_FaultPE
42847715,2022-06-23 23:48:29.0,2022-06-23 23:48:41.0,00:00:12,Error,SO1-CH29.Half_PE,Jammed,[MCP20]SO01_CH29.Half_PE.Ctrl.Out_FaultPE
42847651,2022-06-23 23:47:37.0,2022-06-23 23:47:50.0,00:00:13,Error,SO1-CH29.Half_PE,Jammed,[MCP20]SO01_CH29.Half_PE.Ctrl.Out_FaultPE
42847624,2022-06-23 23:47:15.0,2022-06-23 23:47:17.0,00:00:02,Error,SO1-CH29.Half_PE,Jammed,[MCP20]SO01_CH29.Half_PE.Ctrl.Out_FaultPE
42847604,2022-06-23 23:47:07.0,2022-06-23 23:47:08.0,00:00:01,Error,PS1-9,Anti-Gridlock Prevention Mode,[MCP05]PS01_09.Color.Output.5
42847602,2022-06-23 23:47:07.0,2022-06-23 23:49:02.0,00:01:55,Error,RE3-10,Anti-Gridlock Prevention Mode,[MCP05]RE03_10.Color.Output.5
42847600,2022-06-23 23:47:07.0,2022-06-23 23:49:02.0,00:01:55,Error,PS3 Loop,No Demand,[MCP05]FMS_PS03_Loop_Curr_PPM_Demand
42847598,2022-06-23 23:47:06.0,2022-06-23 23:49:03.0,00:01:57,Error,PS1-13,Anti-Gridlock Prevention Mode,[MCP05]PS01_13.Color.Output.5
42847558,2022-06-23 23:46:38.0,2022-06-24 00:06:24.0,00:19:46,Error,PS1 Loop,No Demand,[MCP05]FMS_PS01_Loop_Curr_PPM_Demand
42847543,2022-06-23 23:46:23.0,2022-06-23 23:46:25.0,00:00:02,Error,SO1-CH29.Half_PE,Jammed,[MCP20]SO01_CH29.Half_PE.Ctrl.Out_FaultPE
42847522,2022-06-23 23:45:51.0,2022-06-23 23:48:14.0,00:02:23,Error,BSB1-21,Overlength Fault,[MCP21]BSB1_21_HMI.Status.24
42847502,2022-06-23 23:45:34.0,2022-06-23 23:45:41.0,00:00:07,Error,SO1-CH29.Half_PE,Jammed,[MCP20]SO01_CH29.Half_PE.Ctrl.Out_FaultPE
42847437,2022-06-23 23:44:48.0,2022-06-23 23:44:50.0,00:00:02,Error,SO1-CH29.Half_PE,Jammed,[MCP20]SO01_CH29.Half_PE.Ctrl.Out_FaultPE
42847422,2022-06-23 23:44:37.0,2022-06-23 23:44:40.0,00:00:03,Error,SO1-CH29.Half_PE,Jammed,[MCP20]SO01_CH29.Half_PE.Ctrl.Out_FaultPE
42847415,2022-06-23 23:44:31.0,2022-06-23 23:47:06.0,00:02:35,Error,FMS-DIV.PS1-11.TO.PS2,Air Pressure Fault,[MCP06]FMS_DIV_PS01_11_TO_PS02
42847386,2022-06-23 23:44:26.0,2022-06-23 23:45:46.0,00:01:20,Error,RS4-31CH.Jam_PE,Jammed,[MCP06]RS04_31CH.Jam_PE.Ctrl.Out_FaultPE
42847350,2022-06-23 23:44:12.0,2022-06-23 23:44:22.0,00:00:10,Error,SO1-CH29.Half_PE,Jammed,[MCP20]SO01_CH29.Half_PE.Ctrl.Out_FaultPE
42847335,2022-06-23 23:44:04.0,2022-06-23 23:44:07.0,00:00:03,Error,PS1-13,Anti-Gridlock Prevention Mode,[MCP05]PS01_13.Color.Output.5
42847332,2022-06-23 23:44:03.0,2022-06-23 23:44:04.0,00:00:01,Error,PS1-9,Anti-Gridlock Prevention Mode,[MCP05]PS01_09.Color.Output.5
42847330,2022-06-23 23:44:03.0,2022-06-23 23:44:28.0,00:00:25,Error,RE3-10,Anti-Gridlock Prevention Mode,[MCP05]RE03_10.Color.Output.5
42847328,2022-06-23 23:44:03.0,2022-06-23 23:44:28.0,00:00:25,Error,PS3 Loop,No Demand,[MCP05]FMS_PS03_Loop_Curr_PPM_Demand
42847325,2022-06-23 23:44:02.0,2022-06-23 23:44:03.0,00:00:01,Error,SO1-CH29.Half_PE,Jammed,[MCP20]SO01_CH29.Half_PE.Ctrl.Out_FaultPE
42847318,2022-06-23 23:43:57.0,2022-06-23 23:44:04.0,00:00:07,Error,FMS-DIV.PS1-11.TO.PS2,Air Pressure Fault,[MCP06]FMS_DIV_PS01_11_TO_PS02
42847261,2022-06-23 23:43:33.0,2022-06-23 23:43:35.0,00:00:02,Error,SO1-CH29.Half_PE,Jammed,[MCP20]SO01_CH29.Half_PE.Ctrl.Out_FaultPE
42847258,2022-06-23 23:43:32.0,2022-06-23 23:43:33.0,00:00:01,Error,BYP1-3,Anti-Gridlock Prevention Mode,[MCP05]BYP01_03.Color.Output.5
42847212,2022-06-23 23:43:15.0,2022-06-23 23:43:17.0,00:00:02,Error,SO1-CH19.Half_PE,Jammed,[MCP20]SO01_CH19.Half_PE.Ctrl.Out_FaultPE
42847168,2022-06-23 23:42:50.0,2022-06-23 23:42:58.0,00:00:08,Error,SO1-CH29.Half_PE,Jammed,[MCP20]SO01_CH29.Half_PE.Ctrl.Out_FaultPE
42847166,2022-06-23 23:42:50.0,2022-06-23 23:42:51.0,00:00:01,Error,PS1-9,Anti-Gridlock Prevention Mode,[MCP05]PS01_09.Color.Output.5
42847164,2022-06-23 23:42:50.0,2022-06-23 23:43:01.0,00:00:11,Error,PS1-13,Anti-Gridlock Prevention Mode,[MCP05]PS01_13.Color.Output.5
42847162,2022-06-23 23:42:50.0,2022-06-23 23:43:53.0,00:01:03,Error,RE3-10,Anti-Gridlock Prevention Mode,[MCP05]RE03_10.Color.Output.5
42847160,2022-06-23 23:42:50.0,2022-06-23 23:43:53.0,00:01:03,Error,PS3 Loop,No Demand,[MCP05]FMS_PS03_Loop_Curr_PPM_Demand
42847104,2022-06-23 23:42:35.0,2022-06-23 23:42:50.0,00:00:15,Error,FMS-DIV.PS1-11.TO.PS2,Air Pressure Fault,[MCP06]FMS_DIV_PS01_11_TO_PS02
42847083,2022-06-23 23:42:30.0,2022-06-23 23:42:31.0,00:00:01,Error,PS1-9,Anti-Gridlock Prevention Mode,[MCP05]PS01_09.Color.Output.5
42847081,2022-06-23 23:42:30.0,2022-06-23 23:42:34.0,00:00:04,Error,RE3-10,Anti-Gridlock Prevention Mode,[MCP05]RE03_10.Color.Output.5
42847079,2022-06-23 23:42:30.0,2022-06-23 23:42:34.0,00:00:04,Error,PS3 Loop,No Demand,[MCP05]FMS_PS03_Loop_Curr_PPM_Demand
42847067,2022-06-23 23:42:29.0,2022-06-23 23:42:35.0,00:00:06,Error,PS1-13,Anti-Gridlock Prevention Mode,[MCP05]PS01_13.Color.Output.5
42847052,2022-06-23 23:42:27.0,2022-06-23 23:42:28.0,00:00:01,Error,SO1-CH29.Half_PE,Jammed,[MCP20]SO01_CH29.Half_PE.Ctrl.Out_FaultPE
42847037,2022-06-23 23:42:18.0,2022-06-23 23:42:21.0,00:00:03,Error,SO1-CH29.Half_PE,Jammed,[MCP20]SO01_CH29.Half_PE.Ctrl.Out_FaultPE
42847013,2022-06-23 23:42:07.0,2022-06-23 23:42:11.0,00:00:04,Error,SO1-CH29.Half_PE,Jammed,[MCP20]SO01_CH29.Half_PE.Ctrl.Out_FaultPE
42846999,2022-06-23 23:41:59.0,2022-06-23 23:42:01.0,00:00:02,Error,SO1-CH29.Half_PE,Jammed,[MCP20]SO01_CH29.Half_PE.Ctrl.Out_FaultPE
42846957,2022-06-23 23:41:31.0,2022-06-23 23:41:33.0,00:00:02,Error,SO1-CH29.Half_PE,Jammed,[MCP20]SO01_CH29.Half_PE.Ctrl.Out_FaultPE
42846934,2022-06-23 23:41:19.0,2022-06-23 23:41:24.0,00:00:05,Error,SO1-CH29.Half_PE,Jammed,[MCP20]SO01_CH29.Half_PE.Ctrl.Out_FaultPE
42846904,2022-06-23 23:41:02.0,2022-06-23 23:41:05.0,00:00:03,Error,SO1-CH29.Half_PE,Jammed,[MCP20]SO01_CH29.Half_PE.Ctrl.Out_FaultPE
42846880,2022-06-23 23:40:48.0,2022-06-23 23:40:51.0,00:00:03,Error,SO1-CH29.Half_PE,Jammed,[MCP20]SO01_CH29.Half_PE.Ctrl.Out_FaultPE
42846832,2022-06-23 23:40:20.0,2022-06-23 23:40:27.0,00:00:07,Error,SO1-CH29.Half_PE,Jammed,[MCP20]SO01_CH29.Half_PE.Ctrl.Out_FaultPE
42846813,2022-06-23 23:40:11.0,2022-06-23 23:40:12.0,00:00:01,Error,SO1-CH29.Half_PE,Jammed,[MCP20]SO01_CH29.Half_PE.Ctrl.Out_FaultPE
42846798,2022-06-23 23:39:57.0,2022-06-23 23:39:59.0,00:00:02,Error,SO1-CH29.Half_PE,Jammed,[MCP20]SO01_CH29.Half_PE.Ctrl.Out_FaultPE
42846730,2022-06-23 23:39:35.0,2022-06-23 23:42:29.0,00:02:54,Error,FMS-DIV.PS1-11.TO.PS2,Air Pressure Fault,[MCP06]FMS_DIV_PS01_11_TO_PS02
42846701,2022-06-23 23:39:31.0,2022-06-23 23:39:35.0,00:00:04,Error,SO1-CH29.Half_PE,Jammed,[MCP20]SO01_CH29.Half_PE.Ctrl.Out_FaultPE
42846686,2022-06-23 23:39:23.0,2022-06-23 23:39:24.0,00:00:01,Error,PS1-9,Anti-Gridlock Prevention Mode,[MCP05]PS01_09.Color.Output.5
42846664,2022-06-23 23:39:08.0,2022-06-23 23:39:21.0,00:00:13,Error,SO1-CH29.Half_PE,Jammed,[MCP20]SO01_CH29.Half_PE.Ctrl.Out_FaultPE
42846650,2022-06-23 23:38:58.0,2022-06-23 23:39:02.0,00:00:04,Error,SO1-CH29.Half_PE,Jammed,[MCP20]SO01_CH29.Half_PE.Ctrl.Out_FaultPE
42846602,2022-06-23 23:38:38.0,2022-06-23 23:39:22.0,00:00:44,Error,FMS-DIV.PS1-11.TO.PS2,Air Pressure Fault,[MCP06]FMS_DIV_PS01_11_TO_PS02
42846569,2022-06-23 23:38:32.0,2022-06-23 23:38:36.0,00:00:04,Error,PS5-6.VFD,VFD Fault,[MCP07]PS05_06_ENET.Fault.VFD_Flt
42846542,2022-06-23 23:38:25.0,2022-06-23 23:38:52.0,00:00:27,Error,SO1-CH29.Half_PE,Jammed,[MCP20]SO01_CH29.Half_PE.Ctrl.Out_FaultPE
42846525,2022-06-23 23:38:19.0,2022-06-23 23:39:52.0,00:01:33,Error,BSB1-21,Overlength Fault,[MCP21]BSB1_21_HMI.Status.24
42846460,2022-06-23 23:37:36.0,2022-06-23 23:37:38.0,00:00:02,Error,PS1-13,Anti-Gridlock Prevention Mode,[MCP05]PS01_13.Color.Output.5
42846450,2022-06-23 23:37:35.0,2022-06-23 23:37:36.0,00:00:01,Error,PS1-9,Anti-Gridlock Prevention Mode,[MCP05]PS01_09.Color.Output.5
42846445,2022-06-23 23:37:35.0,2022-06-23 23:38:34.0,00:00:59,Error,RE3-10,Anti-Gridlock Prevention Mode,[MCP05]RE03_10.Color.Output.5
42846443,2022-06-23 23:37:35.0,2022-06-23 23:38:34.0,00:00:59,Error,PS3 Loop,No Demand,[MCP05]FMS_PS03_Loop_Curr_PPM_Demand
42846344,2022-06-23 23:37:04.0,2022-06-23 23:37:10.0,00:00:06,Error,UL9-2,Anti-Gridlock Prevention Mode,[MCP01]UL09_02.Color.Output.5
42846342,2022-06-23 23:37:04.0,2022-06-23 23:37:10.0,00:00:06,Error,UL10-2,Anti-Gridlock Prevention Mode,[MCP01]UL10_02.Color.Output.5
42846340,2022-06-23 23:37:04.0,2022-06-23 23:37:10.0,00:00:06,Error,UL12-2,Anti-Gridlock Prevention Mode,[MCP01]UL12_02.Color.Output.5
42846304,2022-06-23 23:36:56.0,2022-06-23 23:38:18.0,00:01:22,Error,SO1-CH29.Half_PE,Jammed,[MCP20]SO01_CH29.Half_PE.Ctrl.Out_FaultPE
42846300,2022-06-23 23:36:56.0,2022-06-23 23:36:58.0,00:00:02,Error,UL3-2,Anti-Gridlock Prevention Mode,[MCP07]UL03_02.Color.Output.5
42846298,2022-06-23 23:36:56.0,2022-06-23 23:36:57.0,00:00:01,Error,UL3-1,Anti-Gridlock Prevention Mode,[MCP07]UL03_01.Color.Output.5
42846296,2022-06-23 23:36:56.0,2022-06-23 23:36:58.0,00:00:02,Error,UL7-1,Anti-Gridlock Prevention Mode,[MCP01]UL07_01.Color.Output.5
42846294,2022-06-23 23:36:56.0,2022-06-23 23:37:11.0,00:00:15,Error,UL6-2,Anti-Gridlock Prevention Mode,[MCP07]UL06_02.Color.Output.5
42846292,2022-06-23 23:36:56.0,2022-06-23 23:37:11.0,00:00:15,Error,UL9-1,Anti-Gridlock Prevention Mode,[MCP01]UL09_01.Color.Output.5
42846290,2022-06-23 23:36:56.0,2022-06-23 23:37:11.0,00:00:15,Error,UL6-1,Anti-Gridlock Prevention Mode,[MCP07]UL06_01.Color.Output.5
42846288,2022-06-23 23:36:56.0,2022-06-23 23:37:00.0,00:00:04,Error,UL11-1,Anti-Gridlock Prevention Mode,[MCP01]UL11_01.Color.Output.5
42846287,2022-06-23 23:36:55.0,2022-06-23 23:37:10.0,00:00:15,Error,UL2-1,Anti-Gridlock Prevention Mode,[MCP07]UL02_01.Color.Output.5
42846285,2022-06-23 23:36:55.0,2022-06-23 23:36:56.0,00:00:01,Error,PS1-1,Anti-Gridlock Prevention Mode,[MCP01]PS01_01.Color.Output.5
42846283,2022-06-23 23:36:55.0,2022-06-23 23:36:56.0,00:00:01,Error,UL8-1,Anti-Gridlock Prevention Mode,[MCP01]UL08_01.Color.Output.5
42846281,2022-06-23 23:36:55.0,2022-06-23 23:37:10.0,00:00:15,Error,UL2-2,Anti-Gridlock Prevention Mode,[MCP07]UL02_02.Color.Output.5
42846245,2022-06-23 23:36:48.0,2022-06-23 23:37:36.0,00:00:48,Error,FMS-DIV.PS1-11.TO.PS2,Air Pressure Fault,[MCP06]FMS_DIV_PS01_11_TO_PS02
42846115,2022-06-23 23:36:16.0,2022-06-23 23:36:20.0,00:00:04,Error,PS1-13,Anti-Gridlock Prevention Mode,[MCP05]PS01_13.Color.Output.5
42846110,2022-06-23 23:36:15.0,2022-06-23 23:36:16.0,00:00:01,Error,PS1-9,Anti-Gridlock Prevention Mode,[MCP05]PS01_09.Color.Output.5
42846082,2022-06-23 23:36:02.0,2022-06-23 23:36:48.0,00:00:46,Error,SO1-CH29.Half_PE,Jammed,[MCP20]SO01_CH29.Half_PE.Ctrl.Out_FaultPE
42846044,2022-06-23 23:35:52.0,2022-06-23 23:37:03.0,00:01:11,Error,SO1-JAM5.PE1,Jammed,[MCP20]SO01_JAM05_PE1.Ctrl.Out_FaultPE
42846030,2022-06-23 23:35:45.0,2022-06-23 23:36:16.0,00:00:31,Error,FMS-DIV.PS1-11.TO.PS2,Air Pressure Fault,[MCP06]FMS_DIV_PS01_11_TO_PS02
42846028,2022-06-23 23:35:45.0,2022-06-23 23:37:16.0,00:01:31,Error,PRS3-3.PE1,Jammed,[MCP07]PRS03_03_PE1.Ctrl.Out_FaultPE
42845979,2022-06-23 23:35:28.0,2022-06-24 00:15:32.0,00:40:04,Error,ULGL1-3.PE1,Jammed,[MCP02]ULGL01_03_PE1.Ctrl.Out_FaultPE
42845958,2022-06-23 23:35:17.0,2022-06-23 23:35:27.0,00:00:10,Error,SO1-CH29.Half_PE,Jammed,[MCP20]SO01_CH29.Half_PE.Ctrl.Out_FaultPE
42845953,2022-06-23 23:35:10.0,2022-06-23 23:35:25.0,00:00:15,Error,UL14-2,Anti-Gridlock Prevention Mode,[MCP01]UL14_02.Color.Output.5
42845951,2022-06-23 23:35:10.0,2022-06-23 23:35:25.0,00:00:15,Error,UL13-2,Anti-Gridlock Prevention Mode,[MCP01]UL13_02.Color.Output.5
42845882,2022-06-23 23:34:55.0,2022-06-23 23:34:59.0,00:00:04,Error,SO1-CH29.Half_PE,Jammed,[MCP20]SO01_CH29.Half_PE.Ctrl.Out_FaultPE
42845863,2022-06-23 23:34:40.0,2022-06-23 23:34:55.0,00:00:15,Error,UL13-2,Anti-Gridlock Prevention Mode,[MCP01]UL13_02.Color.Output.5
42845845,2022-06-23 23:34:36.0,2022-06-23 23:34:40.0,00:00:04,Error,SO1-CH29.Half_PE,Jammed,[MCP20]SO01_CH29.Half_PE.Ctrl.Out_FaultPE
42845775,2022-06-23 23:34:13.0,2022-06-23 23:34:21.0,00:00:08,Error,SO1-CH29.Half_PE,Jammed,[MCP20]SO01_CH29.Half_PE.Ctrl.Out_FaultPE
42845671,2022-06-23 23:33:16.0,2022-06-23 23:33:29.0,00:00:13,Error,SO1-CH29.Half_PE,Jammed,[MCP20]SO01_CH29.Half_PE.Ctrl.Out_FaultPE
42845632,2022-06-23 23:32:53.0,2022-06-23 23:32:56.0,00:00:03,Error,SO1-CH29.Half_PE,Jammed,[MCP20]SO01_CH29.Half_PE.Ctrl.Out_FaultPE
42845620,2022-06-23 23:32:42.0,2022-06-23 23:32:47.0,00:00:05,Error,SO1-CH29.Half_PE,Jammed,[MCP20]SO01_CH29.Half_PE.Ctrl.Out_FaultPE
42845567,2022-06-23 23:32:21.0,2022-06-23 23:32:22.0,00:00:01,Error,RE3-10,Anti-Gridlock Prevention Mode,[MCP05]RE03_10.Color.Output.5
42845565,2022-06-23 23:32:21.0,2022-06-23 23:35:42.0,00:03:21,Error,PS3 Loop,No Demand,[MCP05]FMS_PS03_Loop_Curr_PPM_Demand
42845555,2022-06-23 23:32:19.0,2022-06-23 23:32:21.0,00:00:02,Error,SO1-CH29.Half_PE,Jammed,[MCP20]SO01_CH29.Half_PE.Ctrl.Out_FaultPE
42845548,2022-06-23 23:32:11.0,2022-06-23 23:32:21.0,00:00:10,Error,FMS-DIV.PS1-11.TO.PS2,Air Pressure Fault,[MCP06]FMS_DIV_PS01_11_TO_PS02
42845543,2022-06-23 23:32:08.0,2022-06-23 23:34:13.0,00:02:05,Error,FL8-3CH.Full_PE,Jammed,[MCP08]FL08_03CH.Full_PE.Ctrl.Out_FaultPE
42845521,2022-06-23 23:32:02.0,2022-06-23 23:34:13.0,00:02:11,Error,FL8-3CH.Jam_PE,Jammed,[MCP08]FL08_03CH.Jam_PE.Ctrl.Out_FaultPE
42845519,2022-06-23 23:32:02.0,2022-06-23 23:32:10.0,00:00:08,Error,SO1-CH29.Half_PE,Jammed,[MCP20]SO01_CH29.Half_PE.Ctrl.Out_FaultPE
42845457,2022-06-23 23:31:32.0,2022-06-23 23:31:35.0,00:00:03,Error,SO1-CH29.Half_PE,Jammed,[MCP20]SO01_CH29.Half_PE.Ctrl.Out_FaultPE
42845451,2022-06-23 23:31:30.0,2022-06-23 23:31:31.0,00:00:01,Error,BYP1-3,Anti-Gridlock Prevention Mode,[MCP05]BYP01_03.Color.Output.5
42845438,2022-06-23 23:31:23.0,2022-06-23 23:31:29.0,00:00:06,Error,FMS-DIV.PS1-11.TO.PS2,Air Pressure Fault,[MCP06]FMS_DIV_PS01_11_TO_PS02
42845366,2022-06-23 23:30:51.0,2022-06-23 23:31:06.0,00:00:15,Error,UL14-2,Anti-Gridlock Prevention Mode,[MCP01]UL14_02.Color.Output.5
42845364,2022-06-23 23:30:51.0,2022-06-23 23:31:06.0,00:00:15,Error,UL13-2,Anti-Gridlock Prevention Mode,[MCP01]UL13_02.Color.Output.5
42845285,2022-06-23 23:30:29.0,2022-06-23 23:30:30.0,00:00:01,Error,SO1-CH29.Half_PE,Jammed,[MCP20]SO01_CH29.Half_PE.Ctrl.Out_FaultPE
42845234,2022-06-23 23:30:21.0,2022-06-23 23:30:36.0,00:00:15,Error,UL14-2,Anti-Gridlock Prevention Mode,[MCP01]UL14_02.Color.Output.5
42845232,2022-06-23 23:30:21.0,2022-06-23 23:30:36.0,00:00:15,Error,UL13-2,Anti-Gridlock Prevention Mode,[MCP01]UL13_02.Color.Output.5
42845211,2022-06-23 23:30:09.0,2022-06-23 23:30:24.0,00:00:15,Error,UL9-2,Anti-Gridlock Prevention Mode,[MCP01]UL09_02.Color.Output.5
42845206,2022-06-23 23:30:09.0,2022-06-23 23:30:24.0,00:00:15,Error,UL6-2,Anti-Gridlock Prevention Mode,[MCP07]UL06_02.Color.Output.5
42845204,2022-06-23 23:30:09.0,2022-06-23 23:30:24.0,00:00:15,Error,UL6-1,Anti-Gridlock Prevention Mode,[MCP07]UL06_01.Color.Output.5
42845207,2022-06-23 23:30:08.0,2022-06-23 23:30:24.0,00:00:16,Error,UL9-1,Anti-Gridlock Prevention Mode,[MCP01]UL09_01.Color.Output.5
42845182,2022-06-23 23:29:51.0,2022-06-23 23:30:06.0,00:00:15,Error,UL14-2,Anti-Gridlock Prevention Mode,[MCP01]UL14_02.Color.Output.5
42845180,2022-06-23 23:29:51.0,2022-06-23 23:30:06.0,00:00:15,Error,UL13-2,Anti-Gridlock Prevention Mode,[MCP01]UL13_02.Color.Output.5
42845163,2022-06-23 23:29:39.0,2022-06-23 23:29:43.0,00:00:04,Error,SO1-CH29.Half_PE,Jammed,[MCP20]SO01_CH29.Half_PE.Ctrl.Out_FaultPE
42845126,2022-06-23 23:29:21.0,2022-06-23 23:29:36.0,00:00:15,Error,UL14-2,Anti-Gridlock Prevention Mode,[MCP01]UL14_02.Color.Output.5
42845124,2022-06-23 23:29:21.0,2022-06-23 23:29:36.0,00:00:15,Error,UL13-2,Anti-Gridlock Prevention Mode,[MCP01]UL13_02.Color.Output.5
42845122,2022-06-23 23:29:20.0,2022-06-23 23:29:25.0,00:00:05,Error,SO1-CH29.Half_PE,Jammed,[MCP20]SO01_CH29.Half_PE.Ctrl.Out_FaultPE
42845062,2022-06-23 23:28:57.0,2022-06-23 23:31:37.0,00:02:40,Error,PRS3-3.PE1,Jammed,[MCP07]PRS03_03_PE1.Ctrl.Out_FaultPE
42845026,2022-06-23 23:28:36.0,2022-06-23 23:28:51.0,00:00:15,Error,UL14-2,Anti-Gridlock Prevention Mode,[MCP01]UL14_02.Color.Output.5
42845002,2022-06-23 23:28:25.0,2022-06-23 23:28:32.0,00:00:07,Error,SO1-CH29.Half_PE,Jammed,[MCP20]SO01_CH29.Half_PE.Ctrl.Out_FaultPE
42844947,2022-06-23 23:28:06.0,2022-06-23 23:28:13.0,00:00:07,Error,SO1-CH29.Half_PE,Jammed,[MCP20]SO01_CH29.Half_PE.Ctrl.Out_FaultPE
42844927,2022-06-23 23:27:59.0,2022-06-23 23:28:00.0,00:00:01,Error,PS1-9,Anti-Gridlock Prevention Mode,[MCP05]PS01_09.Color.Output.5
42844922,2022-06-23 23:27:59.0,2022-06-23 23:28:29.0,00:00:30,Error,RE3-10,Anti-Gridlock Prevention Mode,[MCP05]RE03_10.Color.Output.5
42844920,2022-06-23 23:27:59.0,2022-06-23 23:31:20.0,00:03:21,Error,PS3 Loop,No Demand,[MCP05]FMS_PS03_Loop_Curr_PPM_Demand
42844918,2022-06-23 23:27:59.0,2022-06-23 23:28:01.0,00:00:02,Error,PS1-13,Anti-Gridlock Prevention Mode,[MCP05]PS01_13.Color.Output.5
42844900,2022-06-23 23:27:51.0,2022-06-23 23:28:06.0,00:00:15,Error,UL14-2,Anti-Gridlock Prevention Mode,[MCP01]UL14_02.Color.Output.5
42844898,2022-06-23 23:27:51.0,2022-06-23 23:27:54.0,00:00:03,Error,SO1-CH29.Half_PE,Jammed,[MCP20]SO01_CH29.Half_PE.Ctrl.Out_FaultPE
42844886,2022-06-23 23:27:42.0,2022-06-23 23:27:45.0,00:00:03,Error,SO1-CH29.Half_PE,Jammed,[MCP20]SO01_CH29.Half_PE.Ctrl.Out_FaultPE
42844837,2022-06-23 23:27:28.0,2022-06-23 23:27:36.0,00:00:08,Error,SO1-CH29.Half_PE,Jammed,[MCP20]SO01_CH29.Half_PE.Ctrl.Out_FaultPE
42844821,2022-06-23 23:27:21.0,2022-06-23 23:27:36.0,00:00:15,Error,UL14-2,Anti-Gridlock Prevention Mode,[MCP01]UL14_02.Color.Output.5
42844819,2022-06-23 23:27:21.0,2022-06-23 23:27:36.0,00:00:15,Error,UL13-2,Anti-Gridlock Prevention Mode,[MCP01]UL13_02.Color.Output.5
42844811,2022-06-23 23:27:19.0,2022-06-23 23:27:59.0,00:00:40,Error,FMS-DIV.PS1-11.TO.PS2,Air Pressure Fault,[MCP06]FMS_DIV_PS01_11_TO_PS02
42844799,2022-06-23 23:27:14.0,2022-06-23 23:27:17.0,00:00:03,Error,SO1-CH29.Half_PE,Jammed,[MCP20]SO01_CH29.Half_PE.Ctrl.Out_FaultPE
42844776,2022-06-23 23:27:00.0,2022-06-23 23:27:02.0,00:00:02,Error,SO1-CH29.Half_PE,Jammed,[MCP20]SO01_CH29.Half_PE.Ctrl.Out_FaultPE
42844741,2022-06-23 23:26:51.0,2022-06-23 23:27:06.0,00:00:15,Error,UL14-2,Anti-Gridlock Prevention Mode,[MCP01]UL14_02.Color.Output.5
42844739,2022-06-23 23:26:51.0,2022-06-23 23:27:06.0,00:00:15,Error,UL13-2,Anti-Gridlock Prevention Mode,[MCP01]UL13_02.Color.Output.5
42844675,2022-06-23 23:26:21.0,2022-06-23 23:26:36.0,00:00:15,Error,UL14-2,Anti-Gridlock Prevention Mode,[MCP01]UL14_02.Color.Output.5
42844673,2022-06-23 23:26:21.0,2022-06-23 23:26:36.0,00:00:15,Error,UL13-2,Anti-Gridlock Prevention Mode,[MCP01]UL13_02.Color.Output.5
42844634,2022-06-23 23:26:07.0,2022-06-23 23:26:31.0,00:00:24,Error,SO1-CH29.Half_PE,Jammed,[MCP20]SO01_CH29.Half_PE.Ctrl.Out_FaultPE
42844615,2022-06-23 23:25:56.0,2022-06-23 23:25:57.0,00:00:01,Error,PS1-13,Anti-Gridlock Prevention Mode,[MCP05]PS01_13.Color.Output.5
42844603,2022-06-23 23:25:56.0,2022-06-23 23:25:57.0,00:00:01,Error,PS1-9,Anti-Gridlock Prevention Mode,[MCP05]PS01_09.Color.Output.5
42844598,2022-06-23 23:25:56.0,2022-06-23 23:26:30.0,00:00:34,Error,RE3-10,Anti-Gridlock Prevention Mode,[MCP05]RE03_10.Color.Output.5
42844596,2022-06-23 23:25:56.0,2022-06-23 23:26:45.0,00:00:49,Error,PS3 Loop,No Demand,[MCP05]FMS_PS03_Loop_Curr_PPM_Demand
42844555,2022-06-23 23:25:47.0,2022-06-23 23:25:56.0,00:00:09,Error,FMS-DIV.PS1-11.TO.PS2,Air Pressure Fault,[MCP06]FMS_DIV_PS01_11_TO_PS02
42844532,2022-06-23 23:25:36.0,2022-06-23 23:25:51.0,00:00:15,Error,UL13-2,Anti-Gridlock Prevention Mode,[MCP01]UL13_02.Color.Output.5
42844480,2022-06-23 23:25:16.0,2022-06-23 23:25:57.0,00:00:41,Error,SO1-CH29.Half_PE,Jammed,[MCP20]SO01_CH29.Half_PE.Ctrl.Out_FaultPE
42844447,2022-06-23 23:24:58.0,2022-06-23 23:25:44.0,00:00:46,Error,RE3-10,Anti-Gridlock Prevention Mode,[MCP05]RE03_10.Color.Output.5
42844445,2022-06-23 23:24:58.0,2022-06-23 23:25:44.0,00:00:46,Error,PS3 Loop,No Demand,[MCP05]FMS_PS03_Loop_Curr_PPM_Demand
42844440,2022-06-23 23:24:57.0,2022-06-23 23:24:58.0,00:00:01,Error,PS1-13,Anti-Gridlock Prevention Mode,[MCP05]PS01_13.Color.Output.5
42844437,2022-06-23 23:24:57.0,2022-06-23 23:38:35.0,00:13:38,Error,AS3-1CH.Jam_PE,Jammed,[MCP05]AS03_01CH.Jam_PE.Ctrl.Out_FaultPE
42844431,2022-06-23 23:24:53.0,2022-06-23 23:25:05.0,00:00:12,Error,SO1-CH29.Half_PE,Jammed,[MCP20]SO01_CH29.Half_PE.Ctrl.Out_FaultPE
42844429,2022-06-23 23:24:51.0,2022-06-23 23:25:06.0,00:00:15,Error,UL13-2,Anti-Gridlock Prevention Mode,[MCP01]UL13_02.Color.Output.5
42844340,2022-06-23 23:24:29.0,2022-06-23 23:24:41.0,00:00:12,Error,SO1-CH29.Half_PE,Jammed,[MCP20]SO01_CH29.Half_PE.Ctrl.Out_FaultPE
42844307,2022-06-23 23:24:23.0,2022-06-23 23:24:25.0,00:00:02,Error,UL3-1,Anti-Gridlock Prevention Mode,[MCP07]UL03_01.Color.Output.5
42844305,2022-06-23 23:24:23.0,2022-06-23 23:24:25.0,00:00:02,Error,UL11-2,Anti-Gridlock Prevention Mode,[MCP01]UL11_02.Color.Output.5
42844302,2022-06-23 23:24:23.0,2022-06-23 23:24:24.0,00:00:01,Error,UL4-1,Anti-Gridlock Prevention Mode,[MCP07]UL04_01.Color.Output.5
42844300,2022-06-23 23:24:23.0,2022-06-23 23:24:26.0,00:00:03,Error,UL11-1,Anti-Gridlock Prevention Mode,[MCP01]UL11_01.Color.Output.5
42844313,2022-06-23 23:24:22.0,2022-06-23 23:24:24.0,00:00:02,Error,UL3-2,Anti-Gridlock Prevention Mode,[MCP07]UL03_02.Color.Output.5
42844311,2022-06-23 23:24:22.0,2022-06-23 23:24:25.0,00:00:03,Error,UL8-2,Anti-Gridlock Prevention Mode,[MCP01]UL08_02.Color.Output.5
42844309,2022-06-23 23:24:22.0,2022-06-23 23:24:37.0,00:00:15,Error,UL9-1,Anti-Gridlock Prevention Mode,[MCP01]UL09_01.Color.Output.5
42844297,2022-06-23 23:24:22.0,2022-06-23 23:24:26.0,00:00:04,Error,UL2-1,Anti-Gridlock Prevention Mode,[MCP07]UL02_01.Color.Output.5
42844295,2022-06-23 23:24:22.0,2022-06-23 23:24:25.0,00:00:03,Error,UL5-1,Anti-Gridlock Prevention Mode,[MCP07]UL05_01.Color.Output.5
42844293,2022-06-23 23:24:22.0,2022-06-23 23:24:23.0,00:00:01,Error,PS5-3,Anti-Gridlock Prevention Mode,[MCP07]PS05_03.Color.Output.5
42844291,2022-06-23 23:24:22.0,2022-06-23 23:24:24.0,00:00:02,Error,PS1-1,Anti-Gridlock Prevention Mode,[MCP01]PS01_01.Color.Output.5
42844289,2022-06-23 23:24:22.0,2022-06-23 23:24:25.0,00:00:03,Error,UL8-1,Anti-Gridlock Prevention Mode,[MCP01]UL08_01.Color.Output.5
42844287,2022-06-23 23:24:22.0,2022-06-23 23:24:24.0,00:00:02,Error,UL4-2,Anti-Gridlock Prevention Mode,[MCP07]UL04_02.Color.Output.5
42844285,2022-06-23 23:24:22.0,2022-06-23 23:24:26.0,00:00:04,Error,UL2-2,Anti-Gridlock Prevention Mode,[MCP07]UL02_02.Color.Output.5
42844283,2022-06-23 23:24:22.0,2022-06-23 23:24:37.0,00:00:15,Error,UL9-2,Anti-Gridlock Prevention Mode,[MCP01]UL09_02.Color.Output.5
42844281,2022-06-23 23:24:22.0,2022-06-23 23:24:24.0,00:00:02,Error,PS5-1,Anti-Gridlock Prevention Mode,[MCP07]PS05_01.Color.Output.5
42844279,2022-06-23 23:24:22.0,2022-06-23 23:24:25.0,00:00:03,Error,UL5-2,Anti-Gridlock Prevention Mode,[MCP07]UL05_02.Color.Output.5
42844277,2022-06-23 23:24:21.0,2022-06-23 23:24:36.0,00:00:15,Error,UL14-2,Anti-Gridlock Prevention Mode,[MCP01]UL14_02.Color.Output.5
42844275,2022-06-23 23:24:21.0,2022-06-23 23:24:36.0,00:00:15,Error,UL13-2,Anti-Gridlock Prevention Mode,[MCP01]UL13_02.Color.Output.5
42844218,2022-06-23 23:24:01.0,2022-06-23 23:24:04.0,00:00:03,Error,SO1-CH29.Half_PE,Jammed,[MCP20]SO01_CH29.Half_PE.Ctrl.Out_FaultPE
42844192,2022-06-23 23:23:51.0,2022-06-23 23:24:06.0,00:00:15,Error,UL14-2,Anti-Gridlock Prevention Mode,[MCP01]UL14_02.Color.Output.5
42844190,2022-06-23 23:23:51.0,2022-06-23 23:24:06.0,00:00:15,Error,UL13-2,Anti-Gridlock Prevention Mode,[MCP01]UL13_02.Color.Output.5
42844135,2022-06-23 23:23:38.0,2022-06-23 23:23:49.0,00:00:11,Error,SO1-CH29.Half_PE,Jammed,[MCP20]SO01_CH29.Half_PE.Ctrl.Out_FaultPE
42844101,2022-06-23 23:23:23.0,2022-06-23 23:23:27.0,00:00:04,Error,SO1-CH29.Half_PE,Jammed,[MCP20]SO01_CH29.Half_PE.Ctrl.Out_FaultPE
42844092,2022-06-23 23:23:21.0,2022-06-23 23:23:36.0,00:00:15,Error,UL14-2,Anti-Gridlock Prevention Mode,[MCP01]UL14_02.Color.Output.5
42844090,2022-06-23 23:23:21.0,2022-06-23 23:23:36.0,00:00:15,Error,UL13-2,Anti-Gridlock Prevention Mode,[MCP01]UL13_02.Color.Output.5
42844001,2022-06-23 23:22:59.0,2022-06-23 23:24:57.0,00:01:58,Error,FMS-DIV.PS1-11.TO.PS2,Air Pressure Fault,[MCP06]FMS_DIV_PS01_11_TO_PS02
42843999,2022-06-23 23:22:59.0,2022-06-23 23:23:06.0,00:00:07,Error,SO1-CH29.Half_PE,Jammed,[MCP20]SO01_CH29.Half_PE.Ctrl.Out_FaultPE
42843966,2022-06-23 23:22:51.0,2022-06-23 23:23:06.0,00:00:15,Error,UL14-2,Anti-Gridlock Prevention Mode,[MCP01]UL14_02.Color.Output.5
42843964,2022-06-23 23:22:51.0,2022-06-23 23:23:06.0,00:00:15,Error,UL13-2,Anti-Gridlock Prevention Mode,[MCP01]UL13_02.Color.Output.5
42843946,2022-06-23 23:22:40.0,2022-06-23 23:22:44.0,00:00:04,Error,SO1-CH29.Half_PE,Jammed,[MCP20]SO01_CH29.Half_PE.Ctrl.Out_FaultPE
42843906,2022-06-23 23:22:21.0,2022-06-23 23:22:36.0,00:00:15,Error,UL14-2,Anti-Gridlock Prevention Mode,[MCP01]UL14_02.Color.Output.5
42843904,2022-06-23 23:22:21.0,2022-06-23 23:22:36.0,00:00:15,Error,UL13-2,Anti-Gridlock Prevention Mode,[MCP01]UL13_02.Color.Output.5
42843831,2022-06-23 23:22:05.0,2022-06-23 23:22:06.0,00:00:01,Error,PS1-9,Anti-Gridlock Prevention Mode,[MCP05]PS01_09.Color.Output.5
42843829,2022-06-23 23:22:05.0,2022-06-23 23:22:08.0,00:00:03,Error,PS1-13,Anti-Gridlock Prevention Mode,[MCP05]PS01_13.Color.Output.5
42843824,2022-06-23 23:22:05.0,2022-06-23 23:22:57.0,00:00:52,Error,RE3-10,Anti-Gridlock Prevention Mode,[MCP05]RE03_10.Color.Output.5
42843821,2022-06-23 23:22:05.0,2022-06-23 23:22:57.0,00:00:52,Error,PS3 Loop,No Demand,[MCP05]FMS_PS03_Loop_Curr_PPM_Demand
42843812,2022-06-23 23:21:53.0,2022-06-23 23:22:10.0,00:00:17,Error,SO1-CH29.Half_PE,Jammed,[MCP20]SO01_CH29.Half_PE.Ctrl.Out_FaultPE
42843810,2022-06-23 23:21:51.0,2022-06-23 23:22:06.0,00:00:15,Error,UL14-2,Anti-Gridlock Prevention Mode,[MCP01]UL14_02.Color.Output.5
42843808,2022-06-23 23:21:51.0,2022-06-23 23:22:06.0,00:00:15,Error,UL13-2,Anti-Gridlock Prevention Mode,[MCP01]UL13_02.Color.Output.5
42843795,2022-06-23 23:21:45.0,2022-06-23 23:39:52.0,00:18:07,Error,UL1-1.EPC1,Actuated,[MCP07]UL01_01_EPC1_STN.Ctrl.Out_EStop
42843771,2022-06-23 23:21:27.0,2022-06-23 23:22:05.0,00:00:38,Error,FMS-DIV.PS1-11.TO.PS2,Air Pressure Fault,[MCP06]FMS_DIV_PS01_11_TO_PS02
42843743,2022-06-23 23:21:21.0,2022-06-23 23:21:36.0,00:00:15,Error,UL14-2,Anti-Gridlock Prevention Mode,[MCP01]UL14_02.Color.Output.5
42843741,2022-06-23 23:21:21.0,2022-06-23 23:21:36.0,00:00:15,Error,UL13-2,Anti-Gridlock Prevention Mode,[MCP01]UL13_02.Color.Output.5
42843723,2022-06-23 23:21:16.0,2022-06-23 23:21:28.0,00:00:12,Error,SO1-CH29.Half_PE,Jammed,[MCP20]SO01_CH29.Half_PE.Ctrl.Out_FaultPE
42843719,2022-06-23 23:21:10.0,2022-06-23 23:21:11.0,00:00:01,Error,PS1-13,Anti-Gridlock Prevention Mode,[MCP05]PS01_13.Color.Output.5
42843700,2022-06-23 23:21:01.0,2022-06-23 23:21:09.0,00:00:08,Error,SO1-CH29.Half_PE,Jammed,[MCP20]SO01_CH29.Half_PE.Ctrl.Out_FaultPE
42843679,2022-06-23 23:20:51.0,2022-06-23 23:21:06.0,00:00:15,Error,UL14-2,Anti-Gridlock Prevention Mode,[MCP01]UL14_02.Color.Output.5
42843677,2022-06-23 23:20:51.0,2022-06-23 23:21:06.0,00:00:15,Error,UL13-2,Anti-Gridlock Prevention Mode,[MCP01]UL13_02.Color.Output.5
42843645,2022-06-23 23:20:34.0,2022-06-23 23:20:46.0,00:00:12,Error,SO1-CH29.Half_PE,Jammed,[MCP20]SO01_CH29.Half_PE.Ctrl.Out_FaultPE
42843633,2022-06-23 23:20:25.0,2022-06-23 23:20:27.0,00:00:02,Error,SO1-CH29.Half_PE,Jammed,[MCP20]SO01_CH29.Half_PE.Ctrl.Out_FaultPE
42843618,2022-06-23 23:20:21.0,2022-06-23 23:20:36.0,00:00:15,Error,UL14-2,Anti-Gridlock Prevention Mode,[MCP01]UL14_02.Color.Output.5
42843616,2022-06-23 23:20:21.0,2022-06-23 23:20:36.0,00:00:15,Error,UL13-2,Anti-Gridlock Prevention Mode,[MCP01]UL13_02.Color.Output.5
42843608,2022-06-23 23:20:20.0,2022-06-23 23:21:10.0,00:00:50,Error,FMS-DIV.PS1-11.TO.PS2,Air Pressure Fault,[MCP06]FMS_DIV_PS01_11_TO_PS02
42843579,2022-06-23 23:20:15.0,2022-06-23 23:20:18.0,00:00:03,Error,SO1-CH29.Half_PE,Jammed,[MCP20]SO01_CH29.Half_PE.Ctrl.Out_FaultPE
42843539,2022-06-23 23:20:00.0,2022-06-23 23:20:08.0,00:00:08,Error,SO1-CH29.Half_PE,Jammed,[MCP20]SO01_CH29.Half_PE.Ctrl.Out_FaultPE
42843530,2022-06-23 23:19:51.0,2022-06-23 23:20:06.0,00:00:15,Error,UL14-2,Anti-Gridlock Prevention Mode,[MCP01]UL14_02.Color.Output.5
42843528,2022-06-23 23:19:51.0,2022-06-23 23:20:06.0,00:00:15,Error,UL13-2,Anti-Gridlock Prevention Mode,[MCP01]UL13_02.Color.Output.5
42843522,2022-06-23 23:19:47.0,2022-06-23 23:19:48.0,00:00:01,Error,SO1-CH29.Half_PE,Jammed,[MCP20]SO01_CH29.Half_PE.Ctrl.Out_FaultPE
42843482,2022-06-23 23:19:27.0,2022-06-23 23:19:35.0,00:00:08,Error,SO1-CH29.Half_PE,Jammed,[MCP20]SO01_CH29.Half_PE.Ctrl.Out_FaultPE
42843434,2022-06-23 23:19:06.0,2022-06-23 23:19:21.0,00:00:15,Error,UL14-2,Anti-Gridlock Prevention Mode,[MCP01]UL14_02.Color.Output.5
42843432,2022-06-23 23:19:06.0,2022-06-23 23:19:36.0,00:00:30,Error,UL13-2,Anti-Gridlock Prevention Mode,[MCP01]UL13_02.Color.Output.5
42843427,2022-06-23 23:19:04.0,2022-06-23 23:19:07.0,00:00:03,Error,SO1-CH29.Half_PE,Jammed,[MCP20]SO01_CH29.Half_PE.Ctrl.Out_FaultPE
42843388,2022-06-23 23:18:46.0,2022-06-23 23:18:49.0,00:00:03,Error,SO1-CH29.Half_PE,Jammed,[MCP20]SO01_CH29.Half_PE.Ctrl.Out_FaultPE
42843363,2022-06-23 23:18:36.0,2022-06-23 23:18:51.0,00:00:15,Error,UL14-2,Anti-Gridlock Prevention Mode,[MCP01]UL14_02.Color.Output.5
42843361,2022-06-23 23:18:36.0,2022-06-23 23:18:51.0,00:00:15,Error,UL13-2,Anti-Gridlock Prevention Mode,[MCP01]UL13_02.Color.Output.5
42843352,2022-06-23 23:18:31.0,2022-06-23 23:18:34.0,00:00:03,Error,SO1-CH29.Half_PE,Jammed,[MCP20]SO01_CH29.Half_PE.Ctrl.Out_FaultPE
42843316,2022-06-23 23:18:23.0,2022-06-23 23:18:29.0,00:00:06,Error,PS1-13,Anti-Gridlock Prevention Mode,[MCP05]PS01_13.Color.Output.5
42843312,2022-06-23 23:18:23.0,2022-06-23 23:18:25.0,00:00:02,Error,RE3-10,Anti-Gridlock Prevention Mode,[MCP05]RE03_10.Color.Output.5
42843310,2022-06-23 23:18:23.0,2022-06-23 23:20:17.0,00:01:54,Error,PS3 Loop,No Demand,[MCP05]FMS_PS03_Loop_Curr_PPM_Demand
42843274,2022-06-23 23:18:06.0,2022-06-23 23:18:21.0,00:00:15,Error,UL14-2,Anti-Gridlock Prevention Mode,[MCP01]UL14_02.Color.Output.5
42843250,2022-06-23 23:17:58.0,2022-06-23 23:18:01.0,00:00:03,Error,SO1-CH29.Half_PE,Jammed,[MCP20]SO01_CH29.Half_PE.Ctrl.Out_FaultPE
42843209,2022-06-23 23:17:36.0,2022-06-23 23:17:51.0,00:00:15,Error,UL14-2,Anti-Gridlock Prevention Mode,[MCP01]UL14_02.Color.Output.5
42843186,2022-06-23 23:17:15.0,2022-06-23 23:17:23.0,00:00:08,Error,SO1-CH29.Half_PE,Jammed,[MCP20]SO01_CH29.Half_PE.Ctrl.Out_FaultPE
42843176,2022-06-23 23:17:06.0,2022-06-23 23:17:21.0,00:00:15,Error,UL14-2,Anti-Gridlock Prevention Mode,[MCP01]UL14_02.Color.Output.5
42843161,2022-06-23 23:16:58.0,2022-06-23 23:17:05.0,00:00:07,Error,SO1-CH29.Half_PE,Jammed,[MCP20]SO01_CH29.Half_PE.Ctrl.Out_FaultPE
42843048,2022-06-23 23:16:02.0,2022-06-23 23:16:23.0,00:00:21,Error,RS2-102.TPE1,Jammed,[MCP06]RS02_102_TPE1.Ctrl.Out_FaultPE
42843045,2022-06-23 23:16:01.0,2022-06-23 23:16:02.0,00:00:01,Error,BYP1-3,Anti-Gridlock Prevention Mode,[MCP05]BYP01_03.Color.Output.5
42843042,2022-06-23 23:16:01.0,2022-06-23 23:16:07.0,00:00:06,Error,SO1-CH29.Half_PE,Jammed,[MCP20]SO01_CH29.Half_PE.Ctrl.Out_FaultPE
42843012,2022-06-23 23:15:47.0,2022-06-23 23:15:49.0,00:00:02,Error,SO1-CH29.Half_PE,Jammed,[MCP20]SO01_CH29.Half_PE.Ctrl.Out_FaultPE
42842967,2022-06-23 23:15:20.0,2022-06-23 23:15:26.0,00:00:06,Error,UL13-2,Anti-Gridlock Prevention Mode,[MCP01]UL13_02.Color.Output.5
42842943,2022-06-23 23:15:13.0,2022-06-23 23:15:20.0,00:00:07,Error,SO1-CH29.Half_PE,Jammed,[MCP20]SO01_CH29.Half_PE.Ctrl.Out_FaultPE
42842935,2022-06-23 23:15:00.0,2022-06-23 23:15:04.0,00:00:04,Error,UL13-2,Anti-Gridlock Prevention Mode,[MCP01]UL13_02.Color.Output.5
42842921,2022-06-23 23:14:53.0,2022-06-23 23:15:01.0,00:00:08,Error,SO1-CH29.Half_PE,Jammed,[MCP20]SO01_CH29.Half_PE.Ctrl.Out_FaultPE
42842891,2022-06-23 23:14:30.0,2022-06-23 23:18:23.0,00:03:53,Error,FMS-DIV.PS1-11.TO.PS2,Air Pressure Fault,[MCP06]FMS_DIV_PS01_11_TO_PS02
42842840,2022-06-23 23:13:57.0,2022-06-23 23:14:10.0,00:00:13,Error,SO1-CH29.Half_PE,Jammed,[MCP20]SO01_CH29.Half_PE.Ctrl.Out_FaultPE
42842812,2022-06-23 23:13:38.0,2022-06-23 23:13:41.0,00:00:03,Error,SO1-CH29.Half_PE,Jammed,[MCP20]SO01_CH29.Half_PE.Ctrl.Out_FaultPE
42842803,2022-06-23 23:13:29.0,2022-06-23 23:13:32.0,00:00:03,Error,SO1-CH29.Half_PE,Jammed,[MCP20]SO01_CH29.Half_PE.Ctrl.Out_FaultPE
42842797,2022-06-23 23:13:28.0,2022-06-23 23:14:42.0,00:01:14,Error,FL9-1CH.PE1,Jammed,[MCP08]FL09_01CH_PE1.Ctrl.Out_FaultPE
42842748,2022-06-23 23:13:10.0,2022-06-23 23:13:23.0,00:00:13,Error,SO1-CH29.Half_PE,Jammed,[MCP20]SO01_CH29.Half_PE.Ctrl.Out_FaultPE
42842735,2022-06-23 23:13:08.0,2022-06-23 23:14:26.0,00:01:18,Error,RE3-10,Anti-Gridlock Prevention Mode,[MCP05]RE03_10.Color.Output.5
42842733,2022-06-23 23:13:08.0,2022-06-23 23:14:26.0,00:01:18,Error,PS3 Loop,No Demand,[MCP05]FMS_PS03_Loop_Curr_PPM_Demand
42842709,2022-06-23 23:13:01.0,2022-06-23 23:13:04.0,00:00:03,Error,SO1-CH29.Half_PE,Jammed,[MCP20]SO01_CH29.Half_PE.Ctrl.Out_FaultPE
42842672,2022-06-23 23:12:37.0,2022-06-23 23:12:41.0,00:00:04,Error,SO1-CH29.Half_PE,Jammed,[MCP20]SO01_CH29.Half_PE.Ctrl.Out_FaultPE
42842651,2022-06-23 23:12:28.0,2022-06-23 23:12:31.0,00:00:03,Error,SO1-CH29.Half_PE,Jammed,[MCP20]SO01_CH29.Half_PE.Ctrl.Out_FaultPE
42842575,2022-06-23 23:11:46.0,2022-06-23 23:13:15.0,00:01:29,Error,UL14-2,Anti-Gridlock Prevention Mode,[MCP01]UL14_02.Color.Output.5
42842560,2022-06-23 23:11:36.0,2022-06-23 23:11:44.0,00:00:08,Error,SO1-CH29.Half_PE,Jammed,[MCP20]SO01_CH29.Half_PE.Ctrl.Out_FaultPE
42842533,2022-06-23 23:11:16.0,2022-06-23 23:14:45.0,00:03:29,Error,UL13-2,Anti-Gridlock Prevention Mode,[MCP01]UL13_02.Color.Output.5
42842450,2022-06-23 23:10:46.0,2022-06-23 23:11:01.0,00:00:15,Error,UL13-2,Anti-Gridlock Prevention Mode,[MCP01]UL13_02.Color.Output.5
42842445,2022-06-23 23:10:38.0,2022-06-23 23:10:51.0,00:00:13,Error,SO1-CH29.Half_PE,Jammed,[MCP20]SO01_CH29.Half_PE.Ctrl.Out_FaultPE
42842409,2022-06-23 23:10:26.0,2022-06-23 23:10:30.0,00:00:04,Error,SO1-CH29.Half_PE,Jammed,[MCP20]SO01_CH29.Half_PE.Ctrl.Out_FaultPE
42842352,2022-06-23 23:10:01.0,2022-06-23 23:10:31.0,00:00:30,Error,UL13-2,Anti-Gridlock Prevention Mode,[MCP01]UL13_02.Color.Output.5
42842350,2022-06-23 23:09:58.0,2022-06-23 23:10:05.0,00:00:07,Error,SO1-CH29.Half_PE,Jammed,[MCP20]SO01_CH29.Half_PE.Ctrl.Out_FaultPE
42842316,2022-06-23 23:09:39.0,2022-06-23 23:09:43.0,00:00:04,Error,SO1-CH29.Half_PE,Jammed,[MCP20]SO01_CH29.Half_PE.Ctrl.Out_FaultPE
42842306,2022-06-23 23:09:31.0,2022-06-23 23:09:33.0,00:00:02,Error,SO1-CH29.Half_PE,Jammed,[MCP20]SO01_CH29.Half_PE.Ctrl.Out_FaultPE
42842261,2022-06-23 23:09:16.0,2022-06-23 23:09:19.0,00:00:03,Error,SO1-CH29.Half_PE,Jammed,[MCP20]SO01_CH29.Half_PE.Ctrl.Out_FaultPE
42842259,2022-06-23 23:09:12.0,2022-06-23 23:13:09.0,00:03:57,Error,FMS-DIV.PS1-11.TO.PS2,Air Pressure Fault,[MCP06]FMS_DIV_PS01_11_TO_PS02
42842236,2022-06-23 23:09:05.0,2022-06-23 23:09:07.0,00:00:02,Error,PS1-13,Anti-Gridlock Prevention Mode,[MCP05]PS01_13.Color.Output.5
42842234,2022-06-23 23:09:05.0,2022-06-23 23:09:09.0,00:00:04,Error,RE3-10,Anti-Gridlock Prevention Mode,[MCP05]RE03_10.Color.Output.5
42842232,2022-06-23 23:09:05.0,2022-06-23 23:09:09.0,00:00:04,Error,PS3 Loop,No Demand,[MCP05]FMS_PS03_Loop_Curr_PPM_Demand
42842216,2022-06-23 23:08:57.0,2022-06-23 23:08:59.0,00:00:02,Error,SO1-CH29.Half_PE,Jammed,[MCP20]SO01_CH29.Half_PE.Ctrl.Out_FaultPE
42842161,2022-06-23 23:08:43.0,2022-06-23 23:08:45.0,00:00:02,Error,SO1-CH29.Half_PE,Jammed,[MCP20]SO01_CH29.Half_PE.Ctrl.Out_FaultPE
42842151,2022-06-23 23:08:29.0,2022-06-23 23:08:36.0,00:00:07,Error,SO1-CH29.Half_PE,Jammed,[MCP20]SO01_CH29.Half_PE.Ctrl.Out_FaultPE
42842139,2022-06-23 23:08:24.0,2022-06-23 23:08:39.0,00:00:15,Error,UL13-2,Anti-Gridlock Prevention Mode,[MCP01]UL13_02.Color.Output.5
42842120,2022-06-23 23:08:08.0,2022-06-23 23:08:16.0,00:00:08,Error,SO1-CH29.Half_PE,Jammed,[MCP20]SO01_CH29.Half_PE.Ctrl.Out_FaultPE
42842083,2022-06-23 23:07:51.0,2022-06-23 23:07:58.0,00:00:07,Error,SO1-CH29.Half_PE,Jammed,[MCP20]SO01_CH29.Half_PE.Ctrl.Out_FaultPE
42842069,2022-06-23 23:07:39.0,2022-06-23 23:07:54.0,00:00:15,Error,UL13-2,Anti-Gridlock Prevention Mode,[MCP01]UL13_02.Color.Output.5
42841994,2022-06-23 23:07:09.0,2022-06-23 23:07:24.0,00:00:15,Error,UL13-2,Anti-Gridlock Prevention Mode,[MCP01]UL13_02.Color.Output.5
42841993,2022-06-23 23:07:08.0,2022-06-23 23:07:11.0,00:00:03,Error,SO1-CH29.Half_PE,Jammed,[MCP20]SO01_CH29.Half_PE.Ctrl.Out_FaultPE
42841969,2022-06-23 23:06:39.0,2022-06-23 23:06:54.0,00:00:15,Error,UL13-2,Anti-Gridlock Prevention Mode,[MCP01]UL13_02.Color.Output.5
42841934,2022-06-23 23:06:26.0,2022-06-23 23:06:33.0,00:00:07,Error,SO1-CH29.Half_PE,Jammed,[MCP20]SO01_CH29.Half_PE.Ctrl.Out_FaultPE
42841904,2022-06-23 23:06:12.0,2022-06-23 23:06:15.0,00:00:03,Error,SO1-CH29.Half_PE,Jammed,[MCP20]SO01_CH29.Half_PE.Ctrl.Out_FaultPE
42841880,2022-06-23 23:05:57.0,2022-06-23 23:06:06.0,00:00:09,Error,SO1-CH29.Half_PE,Jammed,[MCP20]SO01_CH29.Half_PE.Ctrl.Out_FaultPE
42841876,2022-06-23 23:05:55.0,2022-06-23 23:06:24.0,00:00:29,Error,UL14-2,Anti-Gridlock Prevention Mode,[MCP01]UL14_02.Color.Output.5
42841874,2022-06-23 23:05:55.0,2022-06-23 23:06:24.0,00:00:29,Error,UL13-2,Anti-Gridlock Prevention Mode,[MCP01]UL13_02.Color.Output.5
42841863,2022-06-23 23:05:44.0,2022-06-23 23:05:46.0,00:00:02,Error,SO1-CH29.Half_PE,Jammed,[MCP20]SO01_CH29.Half_PE.Ctrl.Out_FaultPE
42841821,2022-06-23 23:05:25.0,2022-06-23 23:05:40.0,00:00:15,Error,UL13-2,Anti-Gridlock Prevention Mode,[MCP01]UL13_02.Color.Output.5
42841819,2022-06-23 23:05:24.0,2022-06-23 23:05:28.0,00:00:04,Error,SO1-CH29.Half_PE,Jammed,[MCP20]SO01_CH29.Half_PE.Ctrl.Out_FaultPE
42841795,2022-06-23 23:05:10.0,2022-06-23 23:05:14.0,00:00:04,Error,SO1-CH29.Half_PE,Jammed,[MCP20]SO01_CH29.Half_PE.Ctrl.Out_FaultPE
42841770,2022-06-23 23:04:57.0,2022-06-23 23:05:00.0,00:00:03,Error,SO1-CH29.Half_PE,Jammed,[MCP20]SO01_CH29.Half_PE.Ctrl.Out_FaultPE
42841766,2022-06-23 23:04:54.0,2022-06-23 23:05:10.0,00:00:16,Error,UL13-2,Anti-Gridlock Prevention Mode,[MCP01]UL13_02.Color.Output.5
42841751,2022-06-23 23:04:38.0,2022-06-23 23:04:45.0,00:00:07,Error,SO1-CH29.Half_PE,Jammed,[MCP20]SO01_CH29.Half_PE.Ctrl.Out_FaultPE
42841716,2022-06-23 23:04:24.0,2022-06-23 23:04:39.0,00:00:15,Error,UL13-2,Anti-Gridlock Prevention Mode,[MCP01]UL13_02.Color.Output.5
42841661,2022-06-23 23:03:54.0,2022-06-23 23:04:09.0,00:00:15,Error,UL13-2,Anti-Gridlock Prevention Mode,[MCP01]UL13_02.Color.Output.5
42841643,2022-06-23 23:03:51.0,2022-06-23 23:03:53.0,00:00:02,Error,SO1-CH29.Half_PE,Jammed,[MCP20]SO01_CH29.Half_PE.Ctrl.Out_FaultPE
42841618,2022-06-23 23:03:38.0,2022-06-23 23:09:29.0,00:05:51,Error,CH-20510-CH.Jam_PE,Jammed,[MCP04]Spiral[58].Ch_Jam_PE.Ctrl.Out_FaultPE
42841598,2022-06-23 23:03:27.0,2022-06-23 23:03:40.0,00:00:13,Error,SO1-CH29.Half_PE,Jammed,[MCP20]SO01_CH29.Half_PE.Ctrl.Out_FaultPE
42841591,2022-06-23 23:03:24.0,2022-06-23 23:03:39.0,00:00:15,Error,UL13-2,Anti-Gridlock Prevention Mode,[MCP01]UL13_02.Color.Output.5
42841541,2022-06-23 23:02:59.0,2022-06-23 23:03:03.0,00:00:04,Error,SO1-CH29.Half_PE,Jammed,[MCP20]SO01_CH29.Half_PE.Ctrl.Out_FaultPE
42841535,2022-06-23 23:02:54.0,2022-06-23 23:03:09.0,00:00:15,Error,UL13-2,Anti-Gridlock Prevention Mode,[MCP01]UL13_02.Color.Output.5
42841507,2022-06-23 23:02:45.0,2022-06-23 23:02:48.0,00:00:03,Error,SO1-CH29.Half_PE,Jammed,[MCP20]SO01_CH29.Half_PE.Ctrl.Out_FaultPE
42841498,2022-06-23 23:02:31.0,2022-06-23 23:02:33.0,00:00:02,Error,SO1-CH29.Half_PE,Jammed,[MCP20]SO01_CH29.Half_PE.Ctrl.Out_FaultPE
42841480,2022-06-23 23:02:24.0,2022-06-23 23:02:39.0,00:00:15,Error,UL13-2,Anti-Gridlock Prevention Mode,[MCP01]UL13_02.Color.Output.5
42841451,2022-06-23 23:02:05.0,2022-06-23 23:02:40.0,00:00:35,Error,PRS1-9CH.PE1,Jammed,[MCP02]PRS01_09CH_PE1.Ctrl.Out_FaultPE
42841433,2022-06-23 23:01:58.0,2022-06-23 23:02:05.0,00:00:07,Error,SO1-CH29.Half_PE,Jammed,[MCP20]SO01_CH29.Half_PE.Ctrl.Out_FaultPE
42841428,2022-06-23 23:01:54.0,2022-06-23 23:02:09.0,00:00:15,Error,UL13-2,Anti-Gridlock Prevention Mode,[MCP01]UL13_02.Color.Output.5
42841418,2022-06-23 23:01:44.0,2022-06-23 23:01:46.0,00:00:02,Error,SO1-CH29.Half_PE,Jammed,[MCP20]SO01_CH29.Half_PE.Ctrl.Out_FaultPE
42841389,2022-06-23 23:01:26.0,2022-06-23 23:01:28.0,00:00:02,Error,SO1-CH29.Half_PE,Jammed,[MCP20]SO01_CH29.Half_PE.Ctrl.Out_FaultPE
42841365,2022-06-23 23:01:15.0,2022-06-23 23:01:18.0,00:00:03,Error,SO1-CH29.Half_PE,Jammed,[MCP20]SO01_CH29.Half_PE.Ctrl.Out_FaultPE
42841351,2022-06-23 23:01:09.0,2022-06-23 23:01:39.0,00:00:30,Error,UL13-2,Anti-Gridlock Prevention Mode,[MCP01]UL13_02.Color.Output.5
42841313,2022-06-23 23:00:56.0,2022-06-23 23:01:05.0,00:00:09,Error,SO1-CH29.Half_PE,Jammed,[MCP20]SO01_CH29.Half_PE.Ctrl.Out_FaultPE
42841286,2022-06-23 23:00:29.0,2022-06-23 23:00:32.0,00:00:03,Error,SO1-CH29.Half_PE,Jammed,[MCP20]SO01_CH29.Half_PE.Ctrl.Out_FaultPE
42841281,2022-06-23 23:00:20.0,2022-06-23 23:00:22.0,00:00:02,Error,SO1-CH29.Half_PE,Jammed,[MCP20]SO01_CH29.Half_PE.Ctrl.Out_FaultPE
42841234,2022-06-23 23:00:05.0,2022-06-23 23:00:08.0,00:00:03,Error,SO1-CH29.Half_PE,Jammed,[MCP20]SO01_CH29.Half_PE.Ctrl.Out_FaultPE
42841205,2022-06-23 22:59:37.0,2022-06-23 22:59:49.0,00:00:12,Error,SO1-CH29.Half_PE,Jammed,[MCP20]SO01_CH29.Half_PE.Ctrl.Out_FaultPE
42841174,2022-06-23 22:59:19.0,2022-06-23 22:59:31.0,00:00:12,Error,SO1-CH29.Half_PE,Jammed,[MCP20]SO01_CH29.Half_PE.Ctrl.Out_FaultPE
42841108,2022-06-23 22:58:31.0,2022-06-23 22:58:34.0,00:00:03,Error,SO1-CH29.Half_PE,Jammed,[MCP20]SO01_CH29.Half_PE.Ctrl.Out_FaultPE
42841081,2022-06-23 22:58:17.0,2022-06-23 22:58:20.0,00:00:03,Error,SO1-CH29.Half_PE,Jammed,[MCP20]SO01_CH29.Half_PE.Ctrl.Out_FaultPE
42841055,2022-06-23 22:58:02.0,2022-06-23 22:58:11.0,00:00:09,Error,SO1-CH29.Half_PE,Jammed,[MCP20]SO01_CH29.Half_PE.Ctrl.Out_FaultPE
42840946,2022-06-23 22:57:43.0,2022-06-23 22:57:47.0,00:00:04,Error,SO1-CH29.Half_PE,Jammed,[MCP20]SO01_CH29.Half_PE.Ctrl.Out_FaultPE
42840877,2022-06-23 22:57:15.0,2022-06-23 22:57:19.0,00:00:04,Error,SO1-CH29.Half_PE,Jammed,[MCP20]SO01_CH29.Half_PE.Ctrl.Out_FaultPE
42840815,2022-06-23 22:56:52.0,2022-06-23 22:57:09.0,00:00:17,Error,SO1-CH29.Half_PE,Jammed,[MCP20]SO01_CH29.Half_PE.Ctrl.Out_FaultPE
42840784,2022-06-23 22:56:39.0,2022-06-23 22:56:42.0,00:00:03,Error,SO1-CH29.Half_PE,Jammed,[MCP20]SO01_CH29.Half_PE.Ctrl.Out_FaultPE
42840756,2022-06-23 22:56:19.0,2022-06-23 22:56:32.0,00:00:13,Error,SO1-CH29.Half_PE,Jammed,[MCP20]SO01_CH29.Half_PE.Ctrl.Out_FaultPE
42840723,2022-06-23 22:56:06.0,2022-06-23 22:56:13.0,00:00:07,Error,SO1-CH29.Half_PE,Jammed,[MCP20]SO01_CH29.Half_PE.Ctrl.Out_FaultPE
42840710,2022-06-23 22:55:57.0,2022-06-23 22:56:00.0,00:00:03,Error,SO1-CH29.Half_PE,Jammed,[MCP20]SO01_CH29.Half_PE.Ctrl.Out_FaultPE
42840694,2022-06-23 22:55:49.0,2022-06-23 22:56:25.0,00:00:36,Error,RE1-11,Anti-Gridlock Prevention Mode,[MCP05]RE01_11.Color.Output.5
42840692,2022-06-23 22:55:49.0,2022-06-23 22:59:11.0,00:03:22,Error,PS1 Loop,No Demand,[MCP05]FMS_PS01_Loop_Curr_PPM_Demand
42840688,2022-06-23 22:55:49.0,2022-06-23 22:59:11.0,00:03:22,Error,AS1-6CH.Jam_PE,Jammed,[MCP05]AS01_06CH.Jam_PE.Ctrl.Out_FaultPE
42840677,2022-06-23 22:55:47.0,2022-06-23 22:55:50.0,00:00:03,Error,SO1-CH29.Half_PE,Jammed,[MCP20]SO01_CH29.Half_PE.Ctrl.Out_FaultPE
42840671,2022-06-23 22:55:31.0,2022-06-23 22:55:35.0,00:00:04,Error,SO1-CH29.Half_PE,Jammed,[MCP20]SO01_CH29.Half_PE.Ctrl.Out_FaultPE
42840632,2022-06-23 22:55:19.0,2022-06-23 22:55:22.0,00:00:03,Error,SO1-CH29.Half_PE,Jammed,[MCP20]SO01_CH29.Half_PE.Ctrl.Out_FaultPE
42840623,2022-06-23 22:55:07.0,2022-06-23 22:55:08.0,00:00:01,Error,SO1-CH29.Half_PE,Jammed,[MCP20]SO01_CH29.Half_PE.Ctrl.Out_FaultPE
42840579,2022-06-23 22:54:41.0,2022-06-23 22:54:43.0,00:00:02,Error,SO1-CH29.Half_PE,Jammed,[MCP20]SO01_CH29.Half_PE.Ctrl.Out_FaultPE
42840548,2022-06-23 22:54:34.0,2022-06-23 22:59:35.0,00:05:01,Error,BSB1-20.PE1,Jammed,[MCP21]BSB1_20_PE1.Status.0
42840511,2022-06-23 22:54:18.0,2022-06-23 22:54:30.0,00:00:12,Error,SO1-CH29.Half_PE,Jammed,[MCP20]SO01_CH29.Half_PE.Ctrl.Out_FaultPE
42840474,2022-06-23 22:53:54.0,2022-06-23 22:53:57.0,00:00:03,Error,SO1-CH29.Half_PE,Jammed,[MCP20]SO01_CH29.Half_PE.Ctrl.Out_FaultPE
42840334,2022-06-23 22:52:43.0,2022-06-23 22:53:10.0,00:00:27,Error,SO1-CH29.Half_PE,Jammed,[MCP20]SO01_CH29.Half_PE.Ctrl.Out_FaultPE
